SnapshotDate,ProjectId,Job,DivKey,PMName,Customer,Status,ContractTotal,ChangeOrders,Invoiced,PaymentsInvoices,BudgetTotal,ActualCost,PctComplete,EarnedRevenue,WIPNet,KnowifyWIP,Overbilled,Underbilled,ProfitAmount,ProfitPct,ProjectedProfit,ProjectedProfitPct,EstMarginPct,ProfitFadePct,Retainage,OpenAR,HasBudget,Managed,MaterialsActual,SubsActual,EquipmentActual,MiscActual,LaborCommitted
2026-06-17,2902164,DS.2026.2440 Liberty Assisted Living 0612,UN,(Unassigned),Flores Drywall and Remodeling LLC,ACTIVE,8481.92,0.0,8481.92,0.0,0.0,7188.44,0.0,0.0,-8481.92,0.0,8481.92,0.0,1293.48,0.1525,8481.92,1.0,0.0,0.0,0.0,8481.92,FALSE,FALSE,7188.44,0.0,0.0,0.0,0.0
2026-06-17,2894730,2026.1059 Westfield Community Schools,UN,Dustin Hurt,"LTB Construction, Inc.",ACTIVE,5000.0,0.0,0.0,0.0,0.0,0.0,0.0,0.0,0.0,0.0,0.0,0.0,0.0,0.0,5000.0,1.0,0.0,0.0,0.0,0.0,FALSE,FALSE,0.0,0.0,0.0,0.0,0.0
2026-06-17,2893583,2026.1058 Patch McCordsville Building 1,UN,Spencer Anderson,Patch Development,ACTIVE,211750.0,0.0,0.0,0.0,0.0,0.0,0.0,0.0,0.0,0.0,0.0,0.0,0.0,0.0,211750.0,1.0,0.0,0.0,0.0,0.0,FALSE,FALSE,0.0,0.0,0.0,0.0,0.0
2026-06-17,2889499,DS.2026.2439 2335 Treesdale Circle,DW,(Unassigned),Precision Dry Wall,ACTIVE,527.31,0.0,527.31,0.0,0.0,378.63,0.0,0.0,-527.31,0.0,527.31,0.0,148.68,0.282,527.31,1.0,0.0,0.0,0.0,527.31,FALSE,FALSE,378.63,0.0,0.0,0.0,0.0
2026-06-17,2888259,DS.2026.2438 10806 McPherson St,DW,(Unassigned),Precision Dry Wall,ACTIVE,3124.93,0.0,3124.93,0.0,0.0,1833.96,0.0,0.0,-3124.93,0.0,3124.93,0.0,1290.97,0.4131,3124.93,1.0,0.0,0.0,0.0,3124.93,FALSE,FALSE,1833.96,0.0,0.0,0.0,0.0
2026-06-17,2888192,DS.2026.2437 970 Starkey Ave,DW,(Unassigned),Precision Dry Wall,ACTIVE,8372.52,0.0,8372.52,0.0,0.0,5495.96,0.0,0.0,-8372.52,0.0,8372.52,0.0,2876.56,0.3436,8372.52,1.0,0.0,0.0,0.0,8372.52,FALSE,FALSE,5495.96,0.0,0.0,0.0,0.0
2026-06-17,2887165,MDG Warehouse Demising Wall,UN,(Unassigned),MDG Real Estate LLC,ACTIVE,75000.0,0.0,0.0,0.0,0.0,6847.14,0.0,0.0,0.0,0.0,0.0,0.0,-6847.14,0.0,75000.0,1.0,0.0,0.0,0.0,0.0,FALSE,FALSE,5640.46,1206.68,0.0,0.0,0.0
2026-06-17,2887151,DS.2026.2436 25 Harper Estates,DW,(Unassigned),Flores Drywall and Remodeling LLC,ACTIVE,5768.6,0.0,5768.6,0.0,0.0,4226.3,0.0,0.0,-5768.6,0.0,5768.6,0.0,1542.3,0.2674,5768.6,1.0,0.0,0.0,0.0,5768.6,FALSE,FALSE,4226.3,0.0,0.0,0.0,0.0
2026-06-17,2887141,DS.2026.2435 21 Harper Estates,DW,(Unassigned),Flores Drywall and Remodeling LLC,ACTIVE,6176.0,0.0,6176.0,0.0,0.0,4487.52,0.0,0.0,-6176.0,0.0,6176.0,0.0,1688.48,0.2734,6176.0,1.0,0.0,0.0,0.0,6176.0,FALSE,FALSE,4487.52,0.0,0.0,0.0,0.0
2026-06-17,2887107,DS.2026.2434 19 Harper Estates,DW,(Unassigned),Flores Drywall and Remodeling LLC,ACTIVE,6043.1,0.0,6043.1,0.0,0.0,4392.06,0.0,0.0,-6043.1,0.0,6043.1,0.0,1651.04,0.2732,6043.1,1.0,0.0,0.0,0.0,6043.1,FALSE,FALSE,4392.06,0.0,0.0,0.0,0.0
2026-06-17,2872036,DS.2026.2433 Liberty Assisted Living 0529,DW,(Unassigned),Flores Drywall and Remodeling LLC,ACTIVE,9607.6,0.0,9607.6,0.0,0.0,7386.98,0.0,0.0,-9607.6,0.0,9607.6,0.0,2220.62,0.2311,9607.6,1.0,0.0,0.0,0.0,9607.6,FALSE,FALSE,7386.98,0.0,0.0,0.0,0.0
2026-06-17,2872017,DS.2026.2432 Liberty Assisted LIving 0528,DW,(Unassigned),Flores Drywall and Remodeling LLC,ACTIVE,12455.2,0.0,12455.2,0.0,0.0,8760.96,0.0,0.0,-12455.2,0.0,12455.2,0.0,3694.24,0.2966,12455.2,1.0,0.0,0.0,0.0,12455.2,FALSE,FALSE,8760.96,0.0,0.0,0.0,0.0
2026-06-17,2872004,DS.2026.2431 123 Centre Place,DW,(Unassigned),Flores Drywall and Remodeling LLC,ACTIVE,3188.13,0.0,3188.13,0.0,0.0,2336.22,0.0,0.0,-3188.13,0.0,3188.13,0.0,851.91,0.2672,3188.13,1.0,0.0,0.0,0.0,3188.13,FALSE,FALSE,2336.22,0.0,0.0,0.0,0.0
2026-06-17,2871958,DS.2026.2430 119 Centre Place,DW,(Unassigned),Flores Drywall and Remodeling LLC,ACTIVE,3188.13,0.0,3188.13,0.0,0.0,2336.22,0.0,0.0,-3188.13,0.0,3188.13,0.0,851.91,0.2672,3188.13,1.0,0.0,0.0,0.0,3188.13,FALSE,FALSE,2336.22,0.0,0.0,0.0,0.0
2026-06-17,2871926,DS.2026.2429 108 Centre Place,DW,(Unassigned),Flores Drywall and Remodeling LLC,ACTIVE,3468.6,0.0,3468.6,0.0,0.0,2537.94,0.0,0.0,-3468.6,0.0,3468.6,0.0,930.66,0.2683,3468.6,1.0,0.0,0.0,0.0,3468.6,FALSE,FALSE,2537.94,0.0,0.0,0.0,0.0
2026-06-17,2871859,DS.2026.2428 9 Centre Place,DW,(Unassigned),Flores Drywall and Remodeling LLC,ACTIVE,4637.64,0.0,4637.64,0.0,0.0,3598.89,0.0,0.0,-4637.64,0.0,4637.64,0.0,1038.75,0.224,4637.64,1.0,0.0,0.0,0.0,4637.64,FALSE,FALSE,3598.89,0.0,0.0,0.0,0.0
2026-06-17,2863766,DS.2026.2427 Dapp Garage,DW,(Unassigned),Flores Drywall and Remodeling LLC,ACTIVE,1892.4,0.0,1892.4,0.0,0.0,1278.6,0.0,0.0,-1892.4,0.0,1892.4,0.0,613.8,0.3244,1892.4,1.0,0.0,0.0,0.0,1892.4,FALSE,FALSE,1278.6,0.0,0.0,0.0,0.0
2026-06-17,2863755,DS.2026.2426 121 Centre Place,DW,(Unassigned),Flores Drywall and Remodeling LLC,ACTIVE,5159.58,0.0,5159.58,0.0,0.0,3802.57,0.0,0.0,-5159.58,0.0,5159.58,0.0,1357.01,0.263,5159.58,1.0,0.0,0.0,0.0,5159.58,FALSE,FALSE,3802.57,0.0,0.0,0.0,0.0
2026-06-17,2863752,DS.2026.2425 14 Parks,DW,(Unassigned),Flores Drywall and Remodeling LLC,ACTIVE,5159.58,0.0,5159.58,0.0,0.0,3802.57,0.0,0.0,-5159.58,0.0,5159.58,0.0,1357.01,0.263,5159.58,1.0,0.0,0.0,0.0,5159.58,FALSE,FALSE,3802.57,0.0,0.0,0.0,0.0
2026-06-17,2863728,DS.2026.2424 10566 Coppergate,DW,(Unassigned),Precision Dry Wall,ACTIVE,3628.78,0.0,3628.78,0.0,0.0,2212.54,0.0,0.0,-3628.78,0.0,3628.78,0.0,1416.24,0.3903,3628.78,1.0,0.0,0.0,0.0,3628.78,FALSE,FALSE,2212.54,0.0,0.0,0.0,0.0
2026-06-17,2863715,DS.2026.2423 10816 McPherson St,DW,(Unassigned),Precision Dry Wall,ACTIVE,2440.48,0.0,2440.48,0.0,0.0,1410.6,0.0,0.0,-2440.48,0.0,2440.48,0.0,1029.88,0.422,2440.48,1.0,0.0,0.0,0.0,2440.48,FALSE,FALSE,1410.6,0.0,0.0,0.0,0.0
2026-06-17,2863703,DS.2026.2422 10814 McPherson St,DW,(Unassigned),Precision Dry Wall,ACTIVE,2440.48,0.0,2440.48,0.0,0.0,1410.6,0.0,0.0,-2440.48,0.0,2440.48,0.0,1029.88,0.422,2440.48,1.0,0.0,0.0,0.0,2440.48,FALSE,FALSE,1410.6,0.0,0.0,0.0,0.0
2026-06-17,2863678,DS.2026.2421 Flores Ohio Job,DW,(Unassigned),Flores Drywall and Remodeling LLC,ACTIVE,8624.08,0.0,8624.08,0.0,0.0,6153.0,0.0,0.0,-8624.08,0.0,8624.08,0.0,2471.08,0.2865,8624.08,1.0,0.0,0.0,0.0,8624.08,FALSE,FALSE,6153.0,0.0,0.0,0.0,0.0
2026-06-17,2852408,DS.2026.2420 7508 Central Ave,DW,(Unassigned),Precision Dry Wall,ACTIVE,4040.48,0.0,4040.48,0.0,0.0,2427.56,0.0,0.0,-4040.48,0.0,4040.48,0.0,1612.92,0.3992,4040.48,1.0,0.0,0.0,0.0,4040.48,FALSE,FALSE,2427.56,0.0,0.0,0.0,0.0
2026-06-17,2852375,DS.2026.2419 120 Centre Place,DW,(Unassigned),Flores Drywall and Remodeling LLC,ACTIVE,3804.32,0.0,3804.32,0.0,0.0,3804.32,0.0,0.0,-3804.32,0.0,3804.32,0.0,0.0,0.0,3804.32,1.0,0.0,0.0,0.0,3804.32,FALSE,FALSE,3804.32,0.0,0.0,0.0,0.0
2026-06-17,2844284,DS.2026.2418 118 Centre Place,DW,(Unassigned),Flores Drywall and Remodeling LLC,ACTIVE,5159.58,0.0,5159.58,0.0,0.0,3802.57,0.0,0.0,-5159.58,0.0,5159.58,0.0,1357.01,0.263,5159.58,1.0,0.0,0.0,0.0,5159.58,FALSE,FALSE,3802.57,0.0,0.0,0.0,0.0
2026-06-17,2844272,DS.2026.2417 117 Centre Place,DW,(Unassigned),Flores Drywall and Remodeling LLC,ACTIVE,3804.32,0.0,3804.32,0.0,0.0,2778.55,0.0,0.0,-3804.32,0.0,3804.32,0.0,1025.77,0.2696,3804.32,1.0,0.0,0.0,0.0,3804.32,FALSE,FALSE,2778.55,0.0,0.0,0.0,0.0
2026-06-17,2844253,DS.2026.2416 52 Centre Place,DW,(Unassigned),Flores Drywall and Remodeling LLC,ACTIVE,5159.58,0.0,5159.58,0.0,0.0,3802.57,0.0,0.0,-5159.58,0.0,5159.58,0.0,1357.01,0.263,5159.58,1.0,0.0,0.0,0.0,5159.58,FALSE,FALSE,3802.57,0.0,0.0,0.0,0.0
2026-06-17,2844241,DS.2026.2415 10826 McPherson St,DW,(Unassigned),Precision Dry Wall,ACTIVE,2440.48,0.0,2440.48,0.0,0.0,1410.6,0.0,0.0,-2440.48,0.0,2440.48,0.0,1029.88,0.422,2440.48,1.0,0.0,0.0,0.0,2440.48,FALSE,FALSE,1410.6,0.0,0.0,0.0,0.0
2026-06-17,2844222,DS.2026.2414 10824 McPherson St,DW,(Unassigned),Precision Dry Wall,ACTIVE,2440.48,0.0,2440.48,0.0,0.0,1410.6,0.0,0.0,-2440.48,0.0,2440.48,0.0,1029.88,0.422,2440.48,1.0,0.0,0.0,0.0,2440.48,FALSE,FALSE,1410.6,0.0,0.0,0.0,0.0
2026-06-17,2834059,DS.2026.2413 Precision Pickup 0501,DW,(Unassigned),Precision Dry Wall,ACTIVE,1025.01,0.0,1025.01,0.0,0.0,735.21,0.0,0.0,-1025.01,0.0,1025.01,0.0,289.8,0.2827,1025.01,1.0,0.0,0.0,0.0,1025.01,FALSE,FALSE,735.21,0.0,0.0,0.0,0.0
2026-06-17,2834016,DS.2026.2412 10732 Heaven Cove Way,DW,(Unassigned),Precision Dry Wall,ACTIVE,9353.41,0.0,9353.41,0.0,0.0,6102.17,0.0,0.0,-9353.41,0.0,9353.41,0.0,3251.24,0.3476,9353.41,1.0,0.0,0.0,0.0,9353.41,FALSE,FALSE,6102.17,0.0,0.0,0.0,0.0
2026-06-17,2818141,DS.2026.2411 Clark Remodel,DW,(Unassigned),Flores Drywall and Remodeling LLC,ACTIVE,3518.56,0.0,3518.56,3764.86,0.0,2632.94,0.0,0.0,-3518.56,0.0,3518.56,0.0,885.62,0.2517,3518.56,1.0,0.0,0.0,0.0,-246.3,FALSE,FALSE,2632.94,0.0,0.0,0.0,0.0
2026-06-17,2803284,2026.1053 Lot 32 Vacant TI,TI,Spencer Anderson,Holladay Construction Group,ACTIVE,126210.0,0.0,0.0,0.0,68244.0,24185.09,0.3544,44728.82,44728.82,44727.74,0.0,44728.82,-24185.09,0.0,57966.0,0.4593,0.4593,0.4593,0.0,0.0,TRUE,TRUE,15363.93,8446.16,375.0,0.0,0.0
2026-06-17,2796562,DS.2026.2410 Courtyards of Russell Oaks 113,DW,(Unassigned),Big Dawg Drywall,ACTIVE,7088.8,0.0,7088.8,7585.02,0.0,5604.04,0.0,0.0,-7088.8,0.0,7088.8,0.0,1484.76,0.2095,7088.8,1.0,0.0,0.0,0.0,-496.22,FALSE,FALSE,5604.04,0.0,0.0,0.0,0.0
2026-06-17,2796526,DS.2026.2409 Precision Pickup 0410,DW,(Unassigned),Precision Dry Wall,ACTIVE,100.8,0.0,100.8,107.86,0.0,94.08,0.0,0.0,-100.8,0.0,100.8,0.0,6.72,0.0667,100.8,1.0,0.0,0.0,0.0,-7.06,FALSE,FALSE,94.08,0.0,0.0,0.0,0.0
2026-06-17,2782708,DS.2026.2408 Courtyards of Westfield 107,DW,(Unassigned),Big Dawg Drywall,ACTIVE,6501.79,0.0,6501.79,6956.92,0.0,4825.36,0.0,0.0,-6501.79,0.0,6501.79,0.0,1676.43,0.2578,6501.79,1.0,0.0,0.0,0.0,-455.13,FALSE,FALSE,4825.36,0.0,0.0,0.0,0.0
2026-06-17,2782668,DS.2026.2407 Courtyards of Russel Oaks 126,DW,(Unassigned),Big Dawg Drywall,ACTIVE,5540.58,0.0,5540.58,0.0,0.0,4142.66,0.0,0.0,-5540.58,0.0,5540.58,0.0,1397.92,0.2523,5540.58,1.0,0.0,0.0,0.0,5540.58,FALSE,FALSE,4142.66,0.0,0.0,0.0,0.0
2026-06-17,2763556,DS.2026.2406 Premier Custom Homes Quote,UN,(Unassigned),Premier Custom Homes,ACTIVE,16133.4,0.0,16133.4,17262.74,0.0,13255.7,0.0,0.0,-16133.4,0.0,16133.4,0.0,2877.7,0.1784,16133.4,1.0,0.0,0.0,0.0,-1129.34,FALSE,FALSE,13255.7,0.0,0.0,0.0,0.0
2026-06-17,2762554,DS.2026.2405 21569 Anchor Bay Drive,DW,(Unassigned),Precision Dry Wall,ACTIVE,6573.38,0.0,6573.38,7033.52,0.0,4396.3,0.0,0.0,-6573.38,0.0,6573.38,0.0,2177.08,0.3312,6573.38,1.0,0.0,0.0,0.0,-460.14,FALSE,FALSE,4396.3,0.0,0.0,0.0,0.0
2026-06-17,2761732,2026.1051 Park 130 Building 8,TI,Spencer Anderson,"The Peterson Company, LLC",ACTIVE,294700.0,0.0,0.0,0.0,165074.41,36401.41,0.2205,64981.35,64981.35,64985.82,0.0,64981.35,-36401.41,0.0,129625.59,0.4399,0.4399,0.4399,0.0,0.0,TRUE,TRUE,36401.41,0.0,0.0,0.0,0.0
2026-06-17,2759560,DS.2026.2404 Flores Sandhu Res,DW,(Unassigned),Flores Drywall and Remodeling LLC,ACTIVE,19488.46,0.0,19488.46,20852.65,0.0,14485.4,0.0,0.0,-19488.46,0.0,19488.46,0.0,5003.06,0.2567,19488.46,1.0,0.0,0.0,0.0,-1364.19,FALSE,FALSE,14485.4,0.0,0.0,0.0,0.0
2026-06-17,2750306,DS.2026.2403 Big Dawg Pickup 0327,DW,(Unassigned),Big Dawg Drywall,ACTIVE,4955.6,0.0,4955.6,5302.49,0.0,3306.1,0.0,0.0,-4955.6,0.0,4955.6,0.0,1649.5,0.3329,4955.6,1.0,0.0,0.0,0.0,-346.89,FALSE,FALSE,3306.1,0.0,0.0,0.0,0.0
2026-06-17,2750278,DS.2026.2402 Courtyards of Cielo Ranch 17,DW,(Unassigned),Big Dawg Drywall,ACTIVE,7053.88,224.64,7053.88,7547.65,0.0,5265.64,0.0,0.0,-7053.88,0.0,7053.88,0.0,1788.24,0.2535,7053.88,1.0,0.0,0.0,0.0,-493.77,FALSE,FALSE,5265.64,0.0,0.0,0.0,0.0
2026-06-17,2750126,DS.2026.2401 Flores Kenneland,DW,(Unassigned),Flores Drywall and Remodeling LLC,ACTIVE,10704.98,0.0,10704.98,11454.33,0.0,7733.81,0.0,0.0,-10704.98,0.0,10704.98,0.0,2971.17,0.2776,10704.98,1.0,0.0,0.0,0.0,-749.35,FALSE,FALSE,7733.81,0.0,0.0,0.0,0.0
2026-06-17,2733362,DS.2026.2400 Courtyards of Russell Oaks 115,DW,(Unassigned),Big Dawg Drywall,ACTIVE,7145.56,0.0,7145.56,7645.75,0.0,5280.52,0.0,0.0,-7145.56,0.0,7145.56,0.0,1865.04,0.261,7145.56,1.0,0.0,0.0,0.0,-500.19,FALSE,FALSE,5280.52,0.0,0.0,0.0,0.0
2026-06-17,2733343,DS.2026.2399 Courtyards of Russell Oaks 74,DW,(Unassigned),Big Dawg Drywall,ACTIVE,5783.55,1486.44,5783.55,6156.42,0.0,4560.77,0.0,0.0,-5783.55,0.0,5783.55,0.0,1222.78,0.2114,5783.55,1.0,0.0,0.0,0.0,-372.87,FALSE,FALSE,4560.77,0.0,0.0,0.0,0.0
2026-06-17,2733326,DS.2026.2398 Courtyards of Ceilo Ranch 26,DW,(Unassigned),Big Dawg Drywall,ACTIVE,6800.59,0.0,6800.59,7276.63,0.0,4827.91,0.0,0.0,-6800.59,0.0,6800.59,0.0,1972.68,0.2901,6800.59,1.0,0.0,0.0,0.0,-476.04,FALSE,FALSE,4827.91,0.0,0.0,0.0,0.0
2026-06-17,2726249,2026.1047 Springdale Building 4 Demising Walls,TI,Tommy Cohoat,"The Peterson Company, LLC",ACTIVE,148800.0,0.0,148800.0,0.0,85100.0,70081.74,0.8235,122536.8,-26263.2,-26259.9,26263.2,0.0,78718.26,0.529,63700.0,0.4281,0.4281,-0.1009,0.0,148800.0,TRUE,TRUE,44368.64,25713.1,0.0,0.0,0.0
2026-06-17,2726122,DS.2026.2397 Courtyards of Cielo Ranch 26,DW,(Unassigned),Big Dawg Drywall,ACTIVE,336.96,0.0,336.96,360.55,0.0,233.28,0.0,0.0,-336.96,0.0,336.96,0.0,103.68,0.3077,336.96,1.0,0.0,0.0,0.0,-23.59,FALSE,FALSE,233.28,0.0,0.0,0.0,0.0
2026-06-17,2715709,2026.1046 Automatic Distributors (Park 130 Bldg 6),TI,Cole Garriott,"The Peterson Company, LLC",ACTIVE,171900.0,0.0,154710.0,32697.0,105700.0,64219.57,0.6076,104446.44,-50263.56,-67459.66,50263.56,0.0,107680.43,0.6264,66200.0,0.3851,0.3851,-0.2413,17190.0,122013.0,TRUE,TRUE,42448.65,20639.35,1072.68,58.89,0.0
2026-06-17,2712233,2026.1045 First OnSite (Ameriplex),TI,Spencer Anderson,Holladay Construction Group,ACTIVE,128000.0,3000.0,128000.0,32940.0,74368.27,82331.75,1.1071,141708.8,13708.8,0.0,0.0,13708.8,45668.25,0.3568,53631.73,0.419,0.419,0.0622,0.0,95060.0,TRUE,TRUE,52418.06,22141.73,7771.96,0.0,0.0
2026-06-17,2703041,DS.2026.2396 6252 West Turtle Hill Ct,DW,(Unassigned),Flores Drywall and Remodeling LLC,ACTIVE,5858.41,0.0,5858.41,6268.5,0.0,4720.53,0.0,0.0,-5858.41,0.0,5858.41,0.0,1137.88,0.1942,5858.41,1.0,0.0,0.0,0.0,-410.09,FALSE,FALSE,4720.53,0.0,0.0,0.0,0.0
2026-06-17,2702940,DS.2026.2395 Courtyards of Westfield 103,DW,(Unassigned),Big Dawg Drywall,ACTIVE,252.72,0.0,252.72,270.41,0.0,174.96,0.0,0.0,-252.72,0.0,252.72,0.0,77.76,0.3077,252.72,1.0,0.0,0.0,0.0,-17.69,FALSE,FALSE,174.96,0.0,0.0,0.0,0.0
2026-06-17,2701256,2026.1043 Deer Creek Building 1,TI,Tommy Cohoat,Patch Development,ACTIVE,135000.0,0.0,135000.0,121500.0,59800.0,49599.2,0.8294,111969.0,-23031.0,-23028.56,23031.0,0.0,85400.8,0.6326,75200.0,0.557,0.557,-0.0756,0.0,13500.0,TRUE,TRUE,33045.82,16178.38,375.0,0.0,0.0
2026-06-17,2686749,DS.2026.2394 5778 Marvie Drive,DW,(Unassigned),Flores Drywall and Remodeling LLC,ACTIVE,8024.34,0.0,8024.34,8586.04,0.0,5837.56,0.0,0.0,-8024.34,0.0,8024.34,0.0,2186.78,0.2725,8024.34,1.0,0.0,0.0,0.0,-561.7,FALSE,FALSE,5837.56,0.0,0.0,0.0,0.0
2026-06-17,2684477,DS.2026.2393 Precision Pickup 0216,DW,(Unassigned),Precision Dry Wall,ACTIVE,235.52,0.0,235.52,0.0,0.0,207.36,0.0,0.0,-235.52,0.0,235.52,0.0,28.16,0.1196,235.52,1.0,0.0,0.0,0.0,235.52,FALSE,FALSE,207.36,0.0,0.0,0.0,0.0
2026-06-17,2681998,2026.1056 Senator Banks Office,TI,Dustin Hurt,"BW Facility Management, LLC",ACTIVE,47609.0,0.0,34444.01,0.0,29030.0,9068.32,0.3124,14873.05,-19570.96,-23399.14,19570.96,0.0,29202.8,0.7631,18579.0,0.3902,0.3902,-0.3728,3827.11,34444.01,TRUE,TRUE,3416.45,5651.87,0.0,0.0,0.0
2026-06-17,2676832,DS.2026.2392 3705 Holiday Farms Blvd - Precision,DW,(Unassigned),Precision Dry Wall,ACTIVE,7844.42,0.0,7844.42,8393.53,0.0,5379.42,0.0,0.0,-7844.42,0.0,7844.42,0.0,2465.0,0.3142,7844.42,1.0,0.0,0.0,0.0,-549.11,FALSE,FALSE,5379.42,0.0,0.0,0.0,0.0
2026-06-17,2676780,DS.2026.2391 0218 Jose Iracheta,UN,(Unassigned),Kjt General Construction,ACTIVE,1937.28,0.0,1937.28,0.0,0.0,1383.36,0.0,0.0,-1937.28,0.0,1937.28,0.0,553.92,0.2859,1937.28,1.0,0.0,0.0,0.0,1937.28,FALSE,FALSE,1383.36,0.0,0.0,0.0,0.0
2026-06-17,2676758,DS.2026.2390 510 W Pine St,DW,(Unassigned),Precision Dry Wall,ACTIVE,2331.84,0.0,2331.84,2495.07,0.0,1538.64,0.0,0.0,-2331.84,0.0,2331.84,0.0,793.2,0.3402,2331.84,1.0,0.0,0.0,0.0,-163.23,FALSE,FALSE,1538.64,0.0,0.0,0.0,0.0
2026-06-17,2675379,DS.2026.2389 Courtyards of Russell Oaks 145,DW,(Unassigned),Big Dawg Drywall,ACTIVE,8107.43,280.0,8107.43,8674.95,0.0,5651.42,0.0,0.0,-8107.43,0.0,8107.43,0.0,2456.01,0.3029,8107.43,1.0,0.0,0.0,0.0,-567.52,FALSE,FALSE,5651.42,0.0,0.0,0.0,0.0
2026-06-17,2675217,DS.2026.2388 Courtyards of Cielo Ranch 13,DW,(Unassigned),Big Dawg Drywall,ACTIVE,5878.68,0.0,5878.68,6290.19,0.0,4386.92,0.0,0.0,-5878.68,0.0,5878.68,0.0,1491.76,0.2538,5878.68,1.0,0.0,0.0,0.0,-411.51,FALSE,FALSE,4386.92,0.0,0.0,0.0,0.0
2026-06-17,2665957,DS.2026.2387 0204 Jose Irachetta,UN,(Unassigned),Kjt General Construction,ACTIVE,18783.05,0.0,18783.05,0.0,0.0,14081.61,0.0,0.0,-18783.05,0.0,18783.05,0.0,4701.44,0.2503,18783.05,1.0,0.0,0.0,0.0,18783.05,FALSE,FALSE,14081.61,0.0,0.0,0.0,0.0
2026-06-17,2656341,2026.1041 Whiteland Building 2 - Blackhawk,TI,Spencer Anderson,Patch Development,ACTIVE,187650.0,1500.0,156420.3,111888.0,89817.48,58964.07,0.6565,123192.23,-33228.07,-50610.41,33228.07,0.0,114836.26,0.6607,97832.52,0.5214,0.5214,-0.1394,17380.03,44532.3,TRUE,TRUE,26778.93,31810.14,375.0,0.0,0.0
2026-06-17,2653588,2026.1040 Lakeside Books,TI,Trevor Anderson,"The Peterson Company, LLC",ACTIVE,10020.0,520.0,10020.0,0.0,5603.33,5603.33,1.0,10020.0,0.0,0.0,0.0,0.0,4416.67,0.4408,4416.67,0.4408,0.4408,0.0,0.0,10020.0,TRUE,TRUE,3205.24,2398.09,0.0,0.0,0.0
2026-06-17,2653377,DS.2026.2386 Courtyards of Russell Oaks 125,DW,(Unassigned),Big Dawg Drywall,ACTIVE,5904.73,0.0,5904.73,6318.06,0.0,4667.22,0.0,0.0,-5904.73,0.0,5904.73,0.0,1237.51,0.2096,5904.73,1.0,0.0,0.0,0.0,-413.33,FALSE,FALSE,4667.22,0.0,0.0,0.0,0.0
2026-06-17,2653351,DS.2026.2385 Courtyards of Russell Oaks 123,DW,(Unassigned),Big Dawg Drywall,ACTIVE,6366.58,0.0,6366.58,6812.24,0.0,5053.67,0.0,0.0,-6366.58,0.0,6366.58,0.0,1312.91,0.2062,6366.58,1.0,0.0,0.0,0.0,-445.66,FALSE,FALSE,5053.67,0.0,0.0,0.0,0.0
2026-06-17,2653309,DS.2026.2384 225 N St Ave,DW,(Unassigned),Precision Dry Wall,ACTIVE,3992.46,0.0,3992.46,4271.93,0.0,2908.28,0.0,0.0,-3992.46,0.0,3992.46,0.0,1084.18,0.2716,3992.46,1.0,0.0,0.0,0.0,-279.47,FALSE,FALSE,2908.28,0.0,0.0,0.0,0.0
2026-06-17,2652271,2026.1039 Upland Prospect Street,TI,Tommy Cohoat,"Bischoff Construction, LLC",ACTIVE,6500.0,0.0,6500.0,6500.0,6400.0,6355.54,0.9931,6455.15,-44.85,-45.15,44.85,0.0,144.46,0.0222,100.0,0.0154,0.0154,-0.0068,0.0,0.0,TRUE,TRUE,2369.09,3986.45,0.0,0.0,0.0
2026-06-17,2645199,DS.2026.2383 Courtyards of Cielo Ranch 37,DW,(Unassigned),Big Dawg Drywall,ACTIVE,7213.87,0.0,7213.87,7718.84,0.0,5333.35,0.0,0.0,-7213.87,0.0,7213.87,0.0,1880.52,0.2607,7213.87,1.0,0.0,0.0,0.0,-504.97,FALSE,FALSE,5333.35,0.0,0.0,0.0,0.0
2026-06-17,2645179,DS.2026.2382 Cohoat House,DW,(Unassigned),Mendoza,ACTIVE,995.75,0.0,995.75,1065.45,0.0,703.81,0.0,0.0,-995.75,0.0,995.75,0.0,291.94,0.2932,995.75,1.0,0.0,0.0,0.0,-69.7,FALSE,FALSE,703.81,0.0,0.0,0.0,0.0
2026-06-17,2644918,2026.1037 CV - Castle Rock,TI,Ben Garza,"Bischoff Construction, LLC",ACTIVE,127451.0,40451.0,127451.0,125451.0,103762.97,103762.97,1.0,127451.0,0.0,-0.0,0.0,0.0,23688.03,0.1859,23688.03,0.1859,0.1859,-0.0,0.0,2000.0,TRUE,TRUE,19775.57,71666.05,11728.81,592.54,0.0
2026-06-17,2644454,2026.1036 Port Laredo Trade Center,TI,Ben Garza,ARCO Design/Build,ACTIVE,108475.0,0.0,108475.0,0.0,63550.88,63550.88,1.0,108475.0,0.0,0.0,0.0,0.0,44924.12,0.4141,44924.12,0.4141,0.4141,0.0,0.0,108475.0,TRUE,TRUE,22007.74,41304.5,0.0,238.64,0.0
2026-06-17,2640941,DS.2026.2381 Hunt Addition,DW,(Unassigned),Flores Drywall and Remodeling LLC,ACTIVE,1497.0,0.0,1497.0,1601.79,0.0,1022.88,0.0,0.0,-1497.0,0.0,1497.0,0.0,474.12,0.3167,1497.0,1.0,0.0,0.0,0.0,-104.79,FALSE,FALSE,1022.88,0.0,0.0,0.0,0.0
2026-06-17,2637503,DS.2026.2380 Mike Valentine 0129,DW,(Unassigned),Michael Valentine,ACTIVE,11616.94,0.0,11616.94,0.0,0.0,7713.06,0.0,0.0,-11616.94,0.0,11616.94,0.0,3903.88,0.3361,11616.94,1.0,0.0,0.0,0.0,11616.94,FALSE,FALSE,7713.06,0.0,0.0,0.0,0.0
2026-06-17,2637443,DS.2026.2379 124 S A Street,DW,(Unassigned),Flores Drywall and Remodeling LLC,ACTIVE,2460.4,0.0,2460.4,2632.63,0.0,1651.4,0.0,0.0,-2460.4,0.0,2460.4,0.0,809.0,0.3288,2460.4,1.0,0.0,0.0,0.0,-172.23,FALSE,FALSE,1651.4,0.0,0.0,0.0,0.0
2026-06-17,2637384,DS.2026.2378 Courtyards of Westfield 108,DW,(Unassigned),Big Dawg Drywall,ACTIVE,7137.73,0.0,7137.73,273.77,0.0,4325.35,0.0,0.0,-7137.73,0.0,7137.73,0.0,2812.38,0.394,7137.73,1.0,0.0,0.0,0.0,6863.96,FALSE,FALSE,4325.35,0.0,0.0,0.0,0.0
2026-06-17,2637358,DS.2026.2377 Courtyards of Cielo Ranch 38,DW,(Unassigned),Big Dawg Drywall,ACTIVE,7078.51,0.0,7078.51,7574.01,0.0,4703.35,0.0,0.0,-7078.51,0.0,7078.51,0.0,2375.16,0.3355,7078.51,1.0,0.0,0.0,0.0,-495.5,FALSE,FALSE,4703.35,0.0,0.0,0.0,0.0
2026-06-17,2637329,DS.2026.2376 5724 E Southport Rd,DW,(Unassigned),Precision Dry Wall,ACTIVE,16934.23,0.0,16934.23,18119.63,0.0,12365.34,0.0,0.0,-16934.23,0.0,16934.23,0.0,4568.89,0.2698,16934.23,1.0,0.0,0.0,0.0,-1185.4,FALSE,FALSE,12365.34,0.0,0.0,0.0,0.0
2026-06-17,2637311,DS.2026.2375 1802 Alabama St,DW,(Unassigned),"Pro Fix Drywaller, LLC",ACTIVE,8479.96,0.0,8479.96,0.0,0.0,6545.15,0.0,0.0,-8479.96,0.0,8479.96,0.0,1934.81,0.2282,8479.96,1.0,0.0,0.0,0.0,8479.96,FALSE,FALSE,6545.15,0.0,0.0,0.0,0.0
2026-06-17,2636260,DS.2026.2374 Precision Pickup 0127,DW,(Unassigned),Precision Dry Wall,ACTIVE,1076.05,0.0,1076.05,1151.37,0.0,718.08,0.0,0.0,-1076.05,0.0,1076.05,0.0,357.97,0.3327,1076.05,1.0,0.0,0.0,0.0,-75.32,FALSE,FALSE,718.08,0.0,0.0,0.0,0.0
2026-06-17,2623919,DS.2026.2373 Precision Pickup 0120,DW,(Unassigned),Precision Dry Wall,ACTIVE,156.8,0.0,156.8,167.78,0.0,105.84,0.0,0.0,-156.8,0.0,156.8,0.0,50.96,0.325,156.8,1.0,0.0,0.0,0.0,-10.98,FALSE,FALSE,105.84,0.0,0.0,0.0,0.0
2026-06-17,2623903,DS.2026.2372 Big Dawg Pickup 0115,DW,(Unassigned),Big Dawg Drywall,ACTIVE,3652.08,0.0,3652.08,3907.73,0.0,2032.0,0.0,0.0,-3652.08,0.0,3652.08,0.0,1620.08,0.4436,3652.08,1.0,0.0,0.0,0.0,-255.65,FALSE,FALSE,2032.0,0.0,0.0,0.0,0.0
2026-06-17,2623826,DS.2026.2371 13429 E 116th St,DW,(Unassigned),Precision Dry Wall,ACTIVE,6360.82,0.0,6360.82,6806.08,0.0,4575.9,0.0,0.0,-6360.82,0.0,6360.82,0.0,1784.92,0.2806,6360.82,1.0,0.0,0.0,0.0,-445.26,FALSE,FALSE,4575.9,0.0,0.0,0.0,0.0
2026-06-17,2623802,DS.2026.2370 Courtyards of Westfield 106,DW,(Unassigned),Big Dawg Drywall,ACTIVE,5580.89,0.0,5580.89,5971.55,0.0,3915.47,0.0,0.0,-5580.89,0.0,5580.89,0.0,1665.42,0.2984,5580.89,1.0,0.0,0.0,0.0,-390.66,FALSE,FALSE,3915.47,0.0,0.0,0.0,0.0
2026-06-17,2623780,DS.2026.2369 Courtyards of Westfield 111,DW,(Unassigned),Big Dawg Drywall,ACTIVE,7078.51,0.0,7078.51,7574.01,0.0,4978.66,0.0,0.0,-7078.51,0.0,7078.51,0.0,2099.85,0.2967,7078.51,1.0,0.0,0.0,0.0,-495.5,FALSE,FALSE,4978.66,0.0,0.0,0.0,0.0
2026-06-17,2612889,DS.2026.2368 Courtyards of Russell Oaks 60,DW,(Unassigned),Big Dawg Drywall,ACTIVE,6769.86,0.0,6769.86,7243.75,0.0,4990.25,0.0,0.0,-6769.86,0.0,6769.86,0.0,1779.61,0.2629,6769.86,1.0,0.0,0.0,0.0,-473.89,FALSE,FALSE,4990.25,0.0,0.0,0.0,0.0
2026-06-17,2607541,DS.2026.2367 Courtyards of Russell Oaks 126,DW,(Unassigned),Big Dawg Drywall,ACTIVE,336.96,0.0,336.96,360.55,0.0,233.28,0.0,0.0,-336.96,0.0,336.96,0.0,103.68,0.3077,336.96,1.0,0.0,0.0,0.0,-23.59,FALSE,FALSE,233.28,0.0,0.0,0.0,0.0
2026-06-17,2601418,DS.2026.2366 Courtyards of Cielo Ranch 15,DW,(Unassigned),Big Dawg Drywall,ACTIVE,5628.92,0.0,5628.92,6022.94,0.0,4200.66,0.0,0.0,-5628.92,0.0,5628.92,0.0,1428.26,0.2537,5628.92,1.0,0.0,0.0,0.0,-394.02,FALSE,FALSE,4200.66,0.0,0.0,0.0,0.0
2026-06-17,2594757,DS.2026.2365 GSI Sackstedor Bloomington,DW,(Unassigned),GSI - Gregory Scott Inabnit LLC,ACTIVE,10845.01,0.0,10845.01,0.0,0.0,7813.1,0.0,0.0,-10845.01,0.0,10845.01,0.0,3031.91,0.2796,10845.01,1.0,0.0,0.0,0.0,10845.01,FALSE,FALSE,7813.1,0.0,0.0,0.0,0.0
2026-06-17,2594626,DS.2026.2364 GSI 1-6,DW,(Unassigned),GSI - Gregory Scott Inabnit LLC,ACTIVE,3516.46,0.0,3516.46,0.0,0.0,2314.78,0.0,0.0,-3516.46,0.0,3516.46,0.0,1201.68,0.3417,3516.46,1.0,0.0,0.0,0.0,3516.46,FALSE,FALSE,2314.78,0.0,0.0,0.0,0.0
2026-06-17,2594581,DS.2026.2363 Courtyards of Westfield 96,DW,(Unassigned),Big Dawg Drywall,ACTIVE,7196.75,0.0,7196.75,7700.52,0.0,5327.43,0.0,0.0,-7196.75,0.0,7196.75,0.0,1869.32,0.2597,7196.75,1.0,0.0,0.0,0.0,-503.77,FALSE,FALSE,5327.43,0.0,0.0,0.0,0.0
2026-06-17,2589539,DS.2026.2362 Courtyards of Russel Oaks 127,DW,(Unassigned),Big Dawg Drywall,ACTIVE,280.0,0.0,280.0,299.6,0.0,255.0,0.0,0.0,-280.0,0.0,280.0,0.0,25.0,0.0893,280.0,1.0,0.0,0.0,0.0,-19.6,FALSE,FALSE,255.0,0.0,0.0,0.0,0.0
2026-06-17,2586526,2026.1033 Avon Demising Wall,TI,Ben Garza,"The Peterson Company, LLC",ACTIVE,181500.0,-150700.0,181500.0,0.0,117712.76,117712.76,1.0,181500.0,0.0,0.0,0.0,0.0,63787.24,0.3514,63787.24,0.3514,0.3514,0.0,0.0,181500.0,TRUE,TRUE,79169.44,36939.7,1603.62,0.0,0.0
2026-06-17,2585536,DS.2025.2361 Courtyards of Westfield 104,DW,(Unassigned),Big Dawg Drywall,ACTIVE,6977.16,0.0,6977.16,7465.56,0.0,5142.81,0.0,0.0,-6977.16,0.0,6977.16,0.0,1834.35,0.2629,6977.16,1.0,0.0,0.0,0.0,-488.4,FALSE,FALSE,5142.81,0.0,0.0,0.0,0.0
2026-06-17,2584758,DS.2025.2360 GSI Duplex Bloomington,DW,(Unassigned),GSI - Gregory Scott Inabnit LLC,ACTIVE,3176.47,0.0,3176.47,0.0,0.0,2134.51,0.0,0.0,-3176.47,0.0,3176.47,0.0,1041.96,0.328,3176.47,1.0,0.0,0.0,0.0,3176.47,FALSE,FALSE,2134.51,0.0,0.0,0.0,0.0
2026-06-17,2584752,DS.2025.2359 Courtyards of Westfield 105,DW,(Unassigned),Big Dawg Drywall,ACTIVE,6540.06,0.0,6540.06,6997.86,0.0,4832.67,0.0,0.0,-6540.06,0.0,6540.06,0.0,1707.39,0.2611,6540.06,1.0,0.0,0.0,0.0,-457.8,FALSE,FALSE,4832.67,0.0,0.0,0.0,0.0
2026-06-17,2584749,DS.2025.2358 Courtyards of Cielo Ranch 7,DW,(Unassigned),Big Dawg Drywall,ACTIVE,6662.19,0.0,6662.19,7128.54,0.0,4928.52,0.0,0.0,-6662.19,0.0,6662.19,0.0,1733.67,0.2602,6662.19,1.0,0.0,0.0,0.0,-466.35,FALSE,FALSE,4928.52,0.0,0.0,0.0,0.0
2026-06-17,2584742,DS.2025.2357 3704 South Whetstine Rd,DW,(Unassigned),Total Drywall Solutions Inc,ACTIVE,9710.18,0.0,9710.18,10389.89,0.0,7062.38,0.0,0.0,-9710.18,0.0,9710.18,0.0,2647.8,0.2727,9710.18,1.0,0.0,0.0,0.0,-679.71,FALSE,FALSE,7062.38,0.0,0.0,0.0,0.0
2026-06-17,2579439,Priority Way Office,UN,(Unassigned),MDG Real Estate LLC,ACTIVE,413250.0,0.0,413250.0,413250.0,413250.0,401821.61,0.9723,401802.98,-11447.02,-11428.39,11447.02,0.0,11428.39,0.0277,0.0,0.0,0.0,-0.0277,0.0,0.0,TRUE,FALSE,129479.47,268279.15,-54.44,4117.43,0.0
2026-06-17,2579268,DS.2025.2356 Courtyards of Ceilo Ranch 127,DW,(Unassigned),Big Dawg Drywall,ACTIVE,8915.92,0.0,8915.92,9540.03,0.0,6509.72,0.0,0.0,-8915.92,0.0,8915.92,0.0,2406.2,0.2699,8915.92,1.0,0.0,0.0,0.0,-624.11,FALSE,FALSE,6509.72,0.0,0.0,0.0,0.0
2026-06-17,2579242,DS.2025.2355 Courtyards of Ceilo Ranch 36,DW,(Unassigned),Big Dawg Drywall,ACTIVE,6701.19,0.0,6701.19,7170.27,0.0,4968.22,0.0,0.0,-6701.19,0.0,6701.19,0.0,1732.97,0.2586,6701.19,1.0,0.0,0.0,0.0,-469.08,FALSE,FALSE,4968.22,0.0,0.0,0.0,0.0
2026-06-17,2575648,DS.2025.2354 GSI Triplex,DW,(Unassigned),GSI - Gregory Scott Inabnit LLC,ACTIVE,11279.53,0.0,11279.53,0.0,0.0,7717.81,0.0,0.0,-11279.53,0.0,11279.53,0.0,3561.72,0.3158,11279.53,1.0,0.0,0.0,0.0,11279.53,FALSE,FALSE,7717.81,0.0,0.0,0.0,0.0
2026-06-17,2575437,DS.2025.2353 Courtyards of Westfield 95,DW,(Unassigned),Big Dawg Drywall,ACTIVE,33.28,0.0,33.28,33.28,0.0,25.6,0.0,0.0,-33.28,0.0,33.28,0.0,7.68,0.2308,33.28,1.0,0.0,0.0,0.0,0.0,FALSE,FALSE,25.6,0.0,0.0,0.0,0.0
2026-06-17,2569388,DS.2025.2352 Charlstown Manor Lot 86,DW,(Unassigned),GSI - Gregory Scott Inabnit LLC,ACTIVE,5697.42,0.0,5697.42,6096.24,0.0,3957.26,0.0,0.0,-5697.42,0.0,5697.42,0.0,1740.16,0.3054,5697.42,1.0,0.0,0.0,0.0,-398.82,FALSE,FALSE,3957.26,0.0,0.0,0.0,0.0
2026-06-17,2569308,DS.2025.2351 Courtyards of Cielo Ranch 1,DW,(Unassigned),Big Dawg Drywall,ACTIVE,6786.18,0.0,6786.18,7261.21,0.0,4998.63,0.0,0.0,-6786.18,0.0,6786.18,0.0,1787.55,0.2634,6786.18,1.0,0.0,0.0,0.0,-475.03,FALSE,FALSE,4998.63,0.0,0.0,0.0,0.0
2026-06-17,2563362,DS.2025.2350 Courtyards of Westfield 95,DW,(Unassigned),Big Dawg Drywall,ACTIVE,7163.47,0.0,7163.47,7664.91,0.0,5346.88,0.0,0.0,-7163.47,0.0,7163.47,0.0,1816.59,0.2536,7163.47,1.0,0.0,0.0,0.0,-501.44,FALSE,FALSE,5346.88,0.0,0.0,0.0,0.0
2026-06-17,2563168,DS.2025.2349 208 N Washington Street,DW,(Unassigned),Total Drywall Solutions Inc,ACTIVE,7722.9,0.0,7722.9,8263.31,0.0,5619.97,0.0,0.0,-7722.9,0.0,7722.9,0.0,2102.93,0.2723,7722.9,1.0,0.0,0.0,0.0,-540.41,FALSE,FALSE,5619.97,0.0,0.0,0.0,0.0
2026-06-17,2560326,DS.2025.2348 133 First Ave NE,DW,(Unassigned),Precision Dry Wall,ACTIVE,6893.5,0.0,6893.5,7376.05,0.0,4819.38,0.0,0.0,-6893.5,0.0,6893.5,0.0,2074.12,0.3009,6893.5,1.0,0.0,0.0,0.0,-482.55,FALSE,FALSE,4819.38,0.0,0.0,0.0,0.0
2026-06-17,2560223,DS.2025.2347 807 Spruce St,DW,(Unassigned),"Pro Fix Drywaller, LLC",ACTIVE,8379.79,355.2,8379.79,0.0,0.0,6308.25,0.0,0.0,-8379.79,0.0,8379.79,0.0,2071.54,0.2472,8379.79,1.0,0.0,0.0,0.0,8379.79,FALSE,FALSE,6308.25,0.0,0.0,0.0,0.0
2026-06-17,2552755,DS.2025.2346 Jeff West House,DW,(Unassigned),Jeff West Homes,ACTIVE,8045.14,0.0,8045.14,8608.3,0.0,6453.13,0.0,0.0,-8045.14,0.0,8045.14,0.0,1592.01,0.1979,8045.14,1.0,0.0,0.0,0.0,-563.16,FALSE,FALSE,6453.13,0.0,0.0,0.0,0.0
2026-06-17,2552722,DS.2025.2345 S & W Homes,DW,(Unassigned),GSI - Gregory Scott Inabnit LLC,ACTIVE,4988.51,0.0,4988.51,0.0,0.0,3399.75,0.0,0.0,-4988.51,0.0,4988.51,0.0,1588.76,0.3185,4988.51,1.0,0.0,0.0,0.0,4988.51,FALSE,FALSE,3399.75,0.0,0.0,0.0,0.0
2026-06-17,2552670,DS.2025.2344 Courtyards of Russel Okas 119,DW,(Unassigned),Big Dawg Drywall,ACTIVE,5555.63,0.0,5555.63,5944.52,0.0,4147.85,0.0,0.0,-5555.63,0.0,5555.63,0.0,1407.78,0.2534,5555.63,1.0,0.0,0.0,0.0,-388.89,FALSE,FALSE,4147.85,0.0,0.0,0.0,0.0
2026-06-17,2552143,DS.2025.2343 Big Dawg Pickup 12-4,DW,(Unassigned),Big Dawg Drywall,ACTIVE,4292.44,0.0,4292.44,4592.91,0.0,2804.45,0.0,0.0,-4292.44,0.0,4292.44,0.0,1487.99,0.3467,4292.44,1.0,0.0,0.0,0.0,-300.47,FALSE,FALSE,2804.45,0.0,0.0,0.0,0.0
2026-06-17,2548777,DS.2025.2342 Courtyards of Westfield 116,DW,(Unassigned),Big Dawg Drywall,ACTIVE,6540.47,1132.8,6540.47,6919.01,0.0,5106.67,0.0,0.0,-6540.47,0.0,6540.47,0.0,1433.8,0.2192,6540.47,1.0,0.0,0.0,0.0,-378.54,FALSE,FALSE,5106.67,0.0,0.0,0.0,0.0
2026-06-17,2548714,DS.2025.2341 8677 Bash St,DW,(Unassigned),Flores Drywall and Remodeling LLC,ACTIVE,12082.18,0.0,12082.18,12927.93,0.0,8742.58,0.0,0.0,-12082.18,0.0,12082.18,0.0,3339.6,0.2764,12082.18,1.0,0.0,0.0,0.0,-845.75,FALSE,FALSE,8742.58,0.0,0.0,0.0,0.0
2026-06-17,2545375,DS.2025.2340 1573 Chatham Drive,DW,(Unassigned),Iracheta Drywall,ACTIVE,16402.7,0.0,16402.7,17550.89,0.0,11895.1,0.0,0.0,-16402.7,0.0,16402.7,0.0,4507.6,0.2748,16402.7,1.0,0.0,0.0,0.0,-1148.19,FALSE,FALSE,11895.1,0.0,0.0,0.0,0.0
2026-06-17,2545100,2025.1028 Northpoint,TI,Trevor Anderson,Patch Development,ACTIVE,243696.0,130220.0,17415.0,17415.0,141629.82,69626.83,0.4916,119800.95,102385.95,100453.72,0.0,102385.95,-50276.83,-1.0,102066.18,0.4188,0.4188,1.4188,1935.0,0.0,TRUE,TRUE,39751.91,21274.24,8600.68,0.0,0.0
2026-06-17,2541102,MF.2026.1044 Everstead Apartments,MF,Ben Garza,Grand Contracting,ACTIVE,4391740.0,0.0,0.0,0.0,3051250.0,0.0,0.0,0.0,0.0,0.0,0.0,0.0,0.0,0.0,1340490.0,0.3052,0.3052,0.3052,0.0,0.0,TRUE,TRUE,0.0,0.0,0.0,0.0,0.0
2026-06-17,2541097,2025.1026 HNTB Buildout (Salesforce Tower),TI,Ben Garza,Skender Construction of Indiana LLC,ACTIVE,476552.38,39052.38,449069.6,123103.62,411573.38,411177.02,0.999,476075.83,27006.23,27023.84,0.0,27006.23,37892.58,0.0844,64979.0,0.1364,0.1364,0.052,0.0,325965.98,TRUE,TRUE,224734.09,182182.94,4114.92,145.07,0.0
2026-06-17,2541065,2026.1034 Stella's Ice Cream Shop,TI,Shawn Welcher,"The ACTS Collaborative, LLC",ACTIVE,69155.0,3655.0,62239.5,34110.0,36976.57,27001.17,0.7302,50496.98,-11742.52,-18656.38,11742.52,0.0,42153.83,0.6096,32178.43,0.4653,0.4653,-0.1442,6915.5,28129.5,TRUE,TRUE,14318.83,12682.34,0.0,0.0,0.0
2026-06-17,2540055,DS.2025.2339 1952 N Central Ave,DW,(Unassigned),"Pro Fix Drywaller, LLC",ACTIVE,4609.73,630.0,4609.73,0.0,0.0,3564.44,0.0,0.0,-4609.73,0.0,4609.73,0.0,1045.29,0.2268,4609.73,1.0,0.0,0.0,0.0,4609.73,FALSE,FALSE,3564.44,0.0,0.0,0.0,0.0
2026-06-17,2538950,DS.2025.2338 7655 W Julia Drive,DW,(Unassigned),GSI - Gregory Scott Inabnit LLC,ACTIVE,4904.49,0.0,4904.49,0.0,0.0,3377.83,0.0,0.0,-4904.49,0.0,4904.49,0.0,1526.66,0.3113,4904.49,1.0,0.0,0.0,0.0,4904.49,FALSE,FALSE,3377.83,0.0,0.0,0.0,0.0
2026-06-17,2538818,DS.2025.2337 Courtyards of Cielo Ranch 7,DW,(Unassigned),Big Dawg Drywall,ACTIVE,336.96,0.0,336.96,360.55,0.0,233.28,0.0,0.0,-336.96,0.0,336.96,0.0,103.68,0.3077,336.96,1.0,0.0,0.0,0.0,-23.59,FALSE,FALSE,233.28,0.0,0.0,0.0,0.0
2026-06-17,2538718,DS.2025.2336 Courtyards of Cielo Ranch 24,DW,(Unassigned),Big Dawg Drywall,ACTIVE,5961.9,0.0,5961.9,6379.23,0.0,4451.18,0.0,0.0,-5961.9,0.0,5961.9,0.0,1510.72,0.2534,5961.9,1.0,0.0,0.0,0.0,-417.33,FALSE,FALSE,4451.18,0.0,0.0,0.0,0.0
2026-06-17,2538410,DS.2025.2335 Courtyards of Cielo Ranch 23,DW,(Unassigned),Big Dawg Drywall,ACTIVE,4716.44,0.0,4716.44,5046.59,0.0,3538.96,0.0,0.0,-4716.44,0.0,4716.44,0.0,1177.48,0.2497,4716.44,1.0,0.0,0.0,0.0,-330.15,FALSE,FALSE,3538.96,0.0,0.0,0.0,0.0
2026-06-17,2536742,DS.2025.2334 Courtyards of Russell Oaks 61,DW,(Unassigned),Big Dawg Drywall,ACTIVE,6990.74,224.0,6990.74,7464.41,0.0,5192.09,0.0,0.0,-6990.74,0.0,6990.74,0.0,1798.65,0.2573,6990.74,1.0,0.0,0.0,0.0,-473.67,FALSE,FALSE,5192.09,0.0,0.0,0.0,0.0
2026-06-17,2532793,DS.2025.2333 7814 E Old US 50,DW,(Unassigned),Total Drywall Solutions Inc,ACTIVE,4391.29,0.0,4391.29,4698.68,0.0,3227.84,0.0,0.0,-4391.29,0.0,4391.29,0.0,1163.45,0.2649,4391.29,1.0,0.0,0.0,0.0,-307.39,FALSE,FALSE,3227.84,0.0,0.0,0.0,0.0
2026-06-17,2532772,DS.2025.2332 Courtyards of Westfield 109,DW,(Unassigned),Big Dawg Drywall,ACTIVE,5407.67,0.0,5407.67,5786.21,0.0,4321.39,0.0,0.0,-5407.67,0.0,5407.67,0.0,1086.28,0.2009,5407.67,1.0,0.0,0.0,0.0,-378.54,FALSE,FALSE,4321.39,0.0,0.0,0.0,0.0
2026-06-17,2532740,DS.2025.2331 Courtyards of Russell Oaks 65,DW,(Unassigned),Big Dawg Drywall,ACTIVE,6766.74,0.0,6766.74,7240.41,0.0,4988.09,0.0,0.0,-6766.74,0.0,6766.74,0.0,1778.65,0.2629,6766.74,1.0,0.0,0.0,0.0,-473.67,FALSE,FALSE,4988.09,0.0,0.0,0.0,0.0
2026-06-17,2532662,DS.2025.2330 GSI Stonecrest 11-18,DW,(Unassigned),GSI - Gregory Scott Inabnit LLC,ACTIVE,4588.23,0.0,4588.23,4909.41,0.0,3224.08,0.0,0.0,-4588.23,0.0,4588.23,0.0,1364.15,0.2973,4588.23,1.0,0.0,0.0,0.0,-321.18,FALSE,FALSE,3224.08,0.0,0.0,0.0,0.0
2026-06-17,2528354,DS.2025.2329 Courtyards of Westfield Lot 90,DW,(Unassigned),Big Dawg Drywall,ACTIVE,5372.94,0.0,5372.94,5749.05,0.0,4023.41,0.0,0.0,-5372.94,0.0,5372.94,0.0,1349.53,0.2512,5372.94,1.0,0.0,0.0,0.0,-376.11,FALSE,FALSE,4023.41,0.0,0.0,0.0,0.0
2026-06-17,2526957,2026.1042 SND2 at ILP Bldg IV Whitestown,TI,Trevor Anderson,Compass Commercial Construction Group,ACTIVE,443007.26,-11303.74,356727.34,164669.04,267180.2,144645.31,0.5414,239844.13,-116883.21,-156529.61,116883.21,0.0,251718.4,0.6351,175827.06,0.3969,0.3969,-0.2382,39636.37,192058.3,TRUE,TRUE,109967.43,22676.54,9154.92,2846.42,0.0
2026-06-17,2523333,DS.2025.2328 Walnut Townhouses,DW,(Unassigned),Flores Drywall and Remodeling LLC,ACTIVE,27480.05,0.0,27480.05,29403.65,0.0,20232.69,0.0,0.0,-27480.05,0.0,27480.05,0.0,7247.36,0.2637,27480.05,1.0,0.0,0.0,0.0,-1923.6,FALSE,FALSE,20232.69,0.0,0.0,0.0,0.0
2026-06-17,2522921,DS.2025.2327 Courtyards of Cielo Ranch 12,DW,(Unassigned),Big Dawg Drywall,ACTIVE,5339.63,0.0,5339.63,5713.4,0.0,3961.95,0.0,0.0,-5339.63,0.0,5339.63,0.0,1377.68,0.258,5339.63,1.0,0.0,0.0,0.0,-373.77,FALSE,FALSE,3961.95,0.0,0.0,0.0,0.0
2026-06-17,2521531,DS.2025.2326 Courtyards of Russell Oaks 64,DW,(Unassigned),Big Dawg Drywall,ACTIVE,6766.74,0.0,6766.74,7240.41,0.0,4988.09,0.0,0.0,-6766.74,0.0,6766.74,0.0,1778.65,0.2629,6766.74,1.0,0.0,0.0,0.0,-473.67,FALSE,FALSE,4988.09,0.0,0.0,0.0,0.0
2026-06-17,2520350,2025.1024 Metro Lion,TI,Ben Garza,"DEEM, LLC",ACTIVE,786710.0,111490.0,786710.0,785410.0,575332.91,575332.91,1.0,786710.0,0.0,-0.0,0.0,0.0,211377.09,0.2687,211377.09,0.2687,0.2687,-0.0,0.0,1300.0,TRUE,TRUE,282692.11,274041.0,18435.06,164.74,0.0
2026-06-17,2519527,DS.2025.2325 6693 E 500 N,DW,(Unassigned),Total Drywall Solutions Inc,ACTIVE,3424.59,0.0,3424.59,3664.31,0.0,2352.39,0.0,0.0,-3424.59,0.0,3424.59,0.0,1072.2,0.3131,3424.59,1.0,0.0,0.0,0.0,-239.72,FALSE,FALSE,2352.39,0.0,0.0,0.0,0.0
2026-06-17,2519463,DS.2025.2324 6504 N 1200 E,DW,(Unassigned),Total Drywall Solutions Inc,ACTIVE,2200.1,0.0,2200.1,2354.11,0.0,1496.64,0.0,0.0,-2200.1,0.0,2200.1,0.0,703.46,0.3197,2200.1,1.0,0.0,0.0,0.0,-154.01,FALSE,FALSE,1496.64,0.0,0.0,0.0,0.0
2026-06-17,2519426,DS.2025.2323 11890 E 800 N,DW,(Unassigned),Total Drywall Solutions Inc,ACTIVE,1561.15,0.0,1561.15,998.21,0.0,1010.41,0.0,0.0,-1561.15,0.0,1561.15,0.0,550.74,0.3528,1561.15,1.0,0.0,0.0,0.0,562.94,FALSE,FALSE,1010.41,0.0,0.0,0.0,0.0
2026-06-17,2517615,DS.2025.2322 Courtyards of Russell Oaks 124,DW,(Unassigned),Big Dawg Drywall,ACTIVE,5546.04,0.0,5546.04,5934.26,0.0,3962.25,0.0,0.0,-5546.04,0.0,5546.04,0.0,1583.79,0.2856,5546.04,1.0,0.0,0.0,0.0,-388.22,FALSE,FALSE,3962.25,0.0,0.0,0.0,0.0
2026-06-17,2517594,DS.2025.2321 Courtyards of Cielo Ranch 33,DW,(Unassigned),Big Dawg Drywall,ACTIVE,6549.45,0.0,6549.45,7007.91,0.0,4836.92,0.0,0.0,-6549.45,0.0,6549.45,0.0,1712.53,0.2615,6549.45,1.0,0.0,0.0,0.0,-458.46,FALSE,FALSE,4836.92,0.0,0.0,0.0,0.0
2026-06-17,2517552,DS.2025.2320 Courtyards of Cielo Ranch 27,DW,(Unassigned),Big Dawg Drywall,ACTIVE,6589.59,252.0,6589.59,7050.86,0.0,4915.76,0.0,0.0,-6589.59,0.0,6589.59,0.0,1673.83,0.254,6589.59,1.0,0.0,0.0,0.0,-461.27,FALSE,FALSE,4915.76,0.0,0.0,0.0,0.0
2026-06-17,2510293,DS.2025.2319 5288 Oak Grove Rd,DW,(Unassigned),Total Drywall Solutions Inc,ACTIVE,8606.94,0.0,8606.94,9209.43,0.0,6023.23,0.0,0.0,-8606.94,0.0,8606.94,0.0,2583.71,0.3002,8606.94,1.0,0.0,0.0,0.0,-602.49,FALSE,FALSE,6023.23,0.0,0.0,0.0,0.0
2026-06-17,2508315,DS.2025.2318 GSI Stonecrest 11-4,DW,(Unassigned),GSI - Gregory Scott Inabnit LLC,ACTIVE,4381.98,0.0,4381.98,4688.72,0.0,3055.63,0.0,0.0,-4381.98,0.0,4381.98,0.0,1326.35,0.3027,4381.98,1.0,0.0,0.0,0.0,-306.74,FALSE,FALSE,3055.63,0.0,0.0,0.0,0.0
2026-06-17,2508262,DS.2025.2317 Courtyards of Ceilo Ranch 23,DW,(Unassigned),Big Dawg Drywall,ACTIVE,336.96,0.0,336.96,360.55,0.0,233.28,0.0,0.0,-336.96,0.0,336.96,0.0,103.68,0.3077,336.96,1.0,0.0,0.0,0.0,-23.59,FALSE,FALSE,233.28,0.0,0.0,0.0,0.0
2026-06-17,2505636,2025.1023 Vikan Products BTS,TI,Cole Garriott,"The Peterson Company, LLC",ACTIVE,734790.0,39976.0,661310.99,368042.84,412832.53,347251.25,0.8411,618031.87,-43279.12,-116726.43,43279.12,0.0,387538.75,0.5274,321957.47,0.4382,0.4382,-0.0893,73479.01,293268.15,TRUE,TRUE,179195.16,137541.58,30110.29,404.22,0.0
2026-06-17,2500441,DS.2025.2316 Courtyards of Cielo Ranch 8,DW,(Unassigned),Big Dawg Drywall,ACTIVE,7137.76,0.0,7137.76,7637.4,0.0,5341.14,0.0,0.0,-7137.76,0.0,7137.76,0.0,1796.62,0.2517,7137.76,1.0,0.0,0.0,0.0,-499.64,FALSE,FALSE,5341.14,0.0,0.0,0.0,0.0
2026-06-17,2499386,DS.2025.2315 GSI Brookville,DW,(Unassigned),GSI - Gregory Scott Inabnit LLC,ACTIVE,10698.76,0.0,10698.76,0.0,0.0,7430.01,0.0,0.0,-10698.76,0.0,10698.76,0.0,3268.75,0.3055,10698.76,1.0,0.0,0.0,0.0,10698.76,FALSE,FALSE,7430.01,0.0,0.0,0.0,0.0
2026-06-17,2498252,DS.2025.2314 R18 Holiday Farms,DW,(Unassigned),Flores Drywall and Remodeling LLC,ACTIVE,16234.41,0.0,16234.41,17370.82,0.0,11943.43,0.0,0.0,-16234.41,0.0,16234.41,0.0,4290.98,0.2643,16234.41,1.0,0.0,0.0,0.0,-1136.41,FALSE,FALSE,11943.43,0.0,0.0,0.0,0.0
2026-06-17,2498183,DS.2025.2313 McDowell Residence,DW,(Unassigned),Flores Drywall and Remodeling LLC,ACTIVE,5783.87,0.0,5783.87,6188.74,0.0,4868.36,0.0,0.0,-5783.87,0.0,5783.87,0.0,915.51,0.1583,5783.87,1.0,0.0,0.0,0.0,-404.87,FALSE,FALSE,4868.36,0.0,0.0,0.0,0.0
2026-06-17,2498101,DS.2025.2312 Plantation Drive Flores,DW,(Unassigned),Flores Drywall and Remodeling LLC,ACTIVE,5430.42,0.0,5430.42,5810.55,0.0,4117.07,0.0,0.0,-5430.42,0.0,5430.42,0.0,1313.35,0.2419,5430.42,1.0,0.0,0.0,0.0,-380.13,FALSE,FALSE,4117.07,0.0,0.0,0.0,0.0
2026-06-17,2498026,DS.2025.2311 15111 Mooring Cir W,DW,(Unassigned),Mendoza,ACTIVE,398.4,0.0,398.4,426.29,0.0,281.2,0.0,0.0,-398.4,0.0,398.4,0.0,117.2,0.2942,398.4,1.0,0.0,0.0,0.0,-27.89,FALSE,FALSE,281.2,0.0,0.0,0.0,0.0
2026-06-17,2497952,DS.2025.2310 Courtyards of Cielo Ranch 12,DW,(Unassigned),Big Dawg Drywall,ACTIVE,388.8,0.0,388.8,416.02,0.0,267.84,0.0,0.0,-388.8,0.0,388.8,0.0,120.96,0.3111,388.8,1.0,0.0,0.0,0.0,-27.22,FALSE,FALSE,267.84,0.0,0.0,0.0,0.0
2026-06-17,2491974,DS.2025.2309 6936 Sun River Drive,DW,(Unassigned),Precision Dry Wall,ACTIVE,8722.82,0.0,8722.82,9333.42,0.0,6505.71,0.0,0.0,-8722.82,0.0,8722.82,0.0,2217.11,0.2542,8722.82,1.0,0.0,0.0,0.0,-610.6,FALSE,FALSE,6505.71,0.0,0.0,0.0,0.0
2026-06-17,2491878,DS.2025.2308 Courtyards of Westfield 112,DW,(Unassigned),Big Dawg Drywall,ACTIVE,7135.51,0.0,7135.51,7635.0,0.0,5703.2,0.0,0.0,-7135.51,0.0,7135.51,0.0,1432.31,0.2007,7135.51,1.0,0.0,0.0,0.0,-499.49,FALSE,FALSE,5703.2,0.0,0.0,0.0,0.0
2026-06-17,2491611,DS.2025.2307 Mendoza Drywall company-15535 Stony Creek Way,DW,(Unassigned),Mendoza,ACTIVE,806.4,0.0,806.4,862.85,0.0,595.2,0.0,0.0,-806.4,0.0,806.4,0.0,211.2,0.2619,806.4,1.0,0.0,0.0,0.0,-56.45,FALSE,FALSE,595.2,0.0,0.0,0.0,0.0
2026-06-17,2488150,DS.2025.2306 Courtyards of Russell Oaks 118,DW,(Unassigned),Big Dawg Drywall,ACTIVE,4997.24,0.0,4997.24,5347.05,0.0,3994.7,0.0,0.0,-4997.24,0.0,4997.24,0.0,1002.54,0.2006,4997.24,1.0,0.0,0.0,0.0,-349.81,FALSE,FALSE,3994.7,0.0,0.0,0.0,0.0
2026-06-17,2488125,DS.2025.2305 Courtyards of Russell Oaks 62,DW,(Unassigned),Big Dawg Drywall,ACTIVE,6963.91,0.0,6963.91,7451.38,0.0,5504.18,0.0,0.0,-6963.91,0.0,6963.91,0.0,1459.73,0.2096,6963.91,1.0,0.0,0.0,0.0,-487.47,FALSE,FALSE,5504.18,0.0,0.0,0.0,0.0
2026-06-17,2488086,DS.2025.2304 Charlstown Manor 10-22,DW,(Unassigned),GSI - Gregory Scott Inabnit LLC,ACTIVE,8911.68,0.0,8911.68,9535.5,0.0,6703.02,0.0,0.0,-8911.68,0.0,8911.68,0.0,2208.66,0.2478,8911.68,1.0,0.0,0.0,0.0,-623.82,FALSE,FALSE,6703.02,0.0,0.0,0.0,0.0
2026-06-17,2481041,DS.2025.2303 Big Dawg Pickup 10-17,DW,(Unassigned),Big Dawg Drywall,ACTIVE,1709.9,0.0,1709.9,1829.59,0.0,1342.85,0.0,0.0,-1709.9,0.0,1709.9,0.0,367.05,0.2147,1709.9,1.0,0.0,0.0,0.0,-119.69,FALSE,FALSE,1342.85,0.0,0.0,0.0,0.0
2026-06-17,2480320,DS.2025.2302 14 E South St,DW,(Unassigned),Flores Drywall and Remodeling LLC,ACTIVE,2309.51,0.0,2309.51,2471.18,0.0,1804.75,0.0,0.0,-2309.51,0.0,2309.51,0.0,504.76,0.2186,2309.51,1.0,0.0,0.0,0.0,-161.67,FALSE,FALSE,1804.75,0.0,0.0,0.0,0.0
2026-06-17,2480064,DS.2025.2301 Courtyards of Cielo Ranch 39,DW,(Unassigned),Big Dawg Drywall,ACTIVE,6072.33,0.0,6072.33,6497.39,0.0,4863.05,0.0,0.0,-6072.33,0.0,6072.33,0.0,1209.28,0.1991,6072.33,1.0,0.0,0.0,0.0,-425.06,FALSE,FALSE,4863.05,0.0,0.0,0.0,0.0
2026-06-17,2479977,DS.2025.2300 Courtyards of Cielo Ranch 10,DW,(Unassigned),Big Dawg Drywall,ACTIVE,6856.72,0.0,6856.72,7336.69,0.0,5424.54,0.0,0.0,-6856.72,0.0,6856.72,0.0,1432.18,0.2089,6856.72,1.0,0.0,0.0,0.0,-479.97,FALSE,FALSE,5424.54,0.0,0.0,0.0,0.0
2026-06-17,2475602,DS.2025.2299 4435 Strathmore Lane,DW,(Unassigned),Precision Dry Wall,ACTIVE,7225.49,0.0,7225.49,7731.27,0.0,5282.34,0.0,0.0,-7225.49,0.0,7225.49,0.0,1943.15,0.2689,7225.49,1.0,0.0,0.0,0.0,-505.78,FALSE,FALSE,5282.34,0.0,0.0,0.0,0.0
2026-06-17,2475493,DS.2025.2298 GSI Bloomington,DW,(Unassigned),GSI - Gregory Scott Inabnit LLC,ACTIVE,4863.39,0.0,4863.39,5203.83,0.0,3703.67,0.0,0.0,-4863.39,0.0,4863.39,0.0,1159.72,0.2385,4863.39,1.0,0.0,0.0,0.0,-340.44,FALSE,FALSE,3703.67,0.0,0.0,0.0,0.0
2026-06-17,2475432,DS.2025.2297 Courtyards of Cielo Ranch 28,DW,(Unassigned),Big Dawg Drywall,ACTIVE,6856.72,0.0,6856.72,7336.69,0.0,5424.54,0.0,0.0,-6856.72,0.0,6856.72,0.0,1432.18,0.2089,6856.72,1.0,0.0,0.0,0.0,-479.97,FALSE,FALSE,5424.54,0.0,0.0,0.0,0.0
2026-06-17,2472092,2025.1031 Pita Way,TI,Spencer Anderson,"Kort Builders, Inc",ACTIVE,9745.0,2745.0,9745.0,9745.0,3664.37,3301.8,0.9011,8781.22,-963.78,-964.22,963.78,0.0,6443.2,0.6612,6080.63,0.624,0.624,-0.0372,0.0,0.0,TRUE,TRUE,1613.19,1688.61,0.0,0.0,0.0
2026-06-17,2469780,DS.2025.2296 4380 Strathmore Lane,DW,(Unassigned),Precision Dry Wall,ACTIVE,9268.08,0.0,9268.08,10216.85,0.0,5329.28,0.0,0.0,-9268.08,0.0,9268.08,0.0,3938.8,0.425,9268.08,1.0,0.0,0.0,0.0,-948.77,FALSE,FALSE,5329.28,0.0,0.0,0.0,0.0
2026-06-17,2469724,DS.2025.2295 Courtyards of Cielo Ranch 35,DW,(Unassigned),Big Dawg Drywall,ACTIVE,5327.87,0.0,5327.87,5700.82,0.0,4254.91,0.0,0.0,-5327.87,0.0,5327.87,0.0,1072.96,0.2014,5327.87,1.0,0.0,0.0,0.0,-372.95,FALSE,FALSE,4254.91,0.0,0.0,0.0,0.0
2026-06-17,2469631,DS.2025.2294 Courtyards of Cielo Ranch 9,DW,(Unassigned),Big Dawg Drywall,ACTIVE,5327.87,0.0,5327.87,5700.82,0.0,4254.91,0.0,0.0,-5327.87,0.0,5327.87,0.0,1072.96,0.2014,5327.87,1.0,0.0,0.0,0.0,-372.95,FALSE,FALSE,4254.91,0.0,0.0,0.0,0.0
2026-06-17,2468636,DS.2025.2293 1248 Chatham Ridge Court,DW,(Unassigned),"Pro Fix Drywaller, LLC",ACTIVE,1007.06,0.0,1007.06,1077.55,0.0,816.8,0.0,0.0,-1007.06,0.0,1007.06,0.0,190.26,0.1889,1007.06,1.0,0.0,0.0,0.0,-70.49,FALSE,FALSE,816.8,0.0,0.0,0.0,0.0
2026-06-17,2468607,DS.2025.2292 Courtyards of Russell Oaks 121,DW,(Unassigned),Big Dawg Drywall,ACTIVE,5357.27,507.6,5357.27,5732.28,0.0,4292.77,0.0,0.0,-5357.27,0.0,5357.27,0.0,1064.5,0.1987,5357.27,1.0,0.0,0.0,0.0,-375.01,FALSE,FALSE,4292.77,0.0,0.0,0.0,0.0
2026-06-17,2468570,DS.2025.2291 Courtyards of Russell Oaks 63,DW,(Unassigned),Big Dawg Drywall,ACTIVE,6794.73,0.0,6794.73,7270.36,0.0,5376.04,0.0,0.0,-6794.73,0.0,6794.73,0.0,1418.69,0.2088,6794.73,1.0,0.0,0.0,0.0,-475.63,FALSE,FALSE,5376.04,0.0,0.0,0.0,0.0
2026-06-17,2468525,DS.2025.2290 Walnut Town Homes,DW,(Unassigned),Flores Drywall and Remodeling LLC,ACTIVE,4911.52,0.0,4911.52,5255.33,0.0,4231.46,0.0,0.0,-4911.52,0.0,4911.52,0.0,680.06,0.1385,4911.52,1.0,0.0,0.0,0.0,-343.81,FALSE,FALSE,4231.46,0.0,0.0,0.0,0.0
2026-06-17,2468496,DS.2025.2289 Courtyards of Westfield 118,DW,(Unassigned),Big Dawg Drywall,ACTIVE,6689.88,0.0,6689.88,7158.17,0.0,5278.62,0.0,0.0,-6689.88,0.0,6689.88,0.0,1411.26,0.211,6689.88,1.0,0.0,0.0,0.0,-468.29,FALSE,FALSE,5278.62,0.0,0.0,0.0,0.0
2026-06-17,2463881,DS.2025.2288 Courtyards of Russell Oaks 120,DW,(Unassigned),Big Dawg Drywall,ACTIVE,7550.89,0.0,7550.89,8079.45,0.0,5977.12,0.0,0.0,-7550.89,0.0,7550.89,0.0,1573.77,0.2084,7550.89,1.0,0.0,0.0,0.0,-528.56,FALSE,FALSE,5977.12,0.0,0.0,0.0,0.0
2026-06-17,2459666,DS.2025.2286 Courtyards of Westfield 117,DW,(Unassigned),Big Dawg Drywall,ACTIVE,5628.92,0.0,5628.92,6022.94,0.0,4174.16,0.0,0.0,-5628.92,0.0,5628.92,0.0,1454.76,0.2584,5628.92,1.0,0.0,0.0,0.0,-394.02,FALSE,FALSE,4174.16,0.0,0.0,0.0,0.0
2026-06-17,2453104,DS.2025.2285 GSI - Rushville 5,DW,(Unassigned),GSI - Gregory Scott Inabnit LLC,ACTIVE,4186.2,0.0,4186.2,4479.23,0.0,2991.68,0.0,0.0,-4186.2,0.0,4186.2,0.0,1194.52,0.2853,4186.2,1.0,0.0,0.0,0.0,-293.03,FALSE,FALSE,2991.68,0.0,0.0,0.0,0.0
2026-06-17,2452961,DS.2025.2284 Courtyards of Russell Oaks 59,DW,(Unassigned),Big Dawg Drywall,ACTIVE,5780.19,0.0,5780.19,6184.8,0.0,4302.74,0.0,0.0,-5780.19,0.0,5780.19,0.0,1477.45,0.2556,5780.19,1.0,0.0,0.0,0.0,-404.61,FALSE,FALSE,4302.74,0.0,0.0,0.0,0.0
2026-06-17,2446907,DS.2025.2281 Courtyards of Russell Oaks 117,DW,(Unassigned),Big Dawg Drywall,ACTIVE,5285.62,0.0,5285.62,5655.61,0.0,3959.29,0.0,0.0,-5285.62,0.0,5285.62,0.0,1326.33,0.2509,5285.62,1.0,0.0,0.0,0.0,-369.99,FALSE,FALSE,3959.29,0.0,0.0,0.0,0.0
2026-06-17,2446248,DS.2025.2280 GSI - E Crestwine Dr,DW,(Unassigned),GSI - Gregory Scott Inabnit LLC,ACTIVE,9105.65,0.0,9105.65,9743.05,0.0,6483.0,0.0,0.0,-9105.65,0.0,9105.65,0.0,2622.65,0.288,9105.65,1.0,0.0,0.0,0.0,-637.4,FALSE,FALSE,6483.0,0.0,0.0,0.0,0.0
2026-06-17,2444852,DS.2025.2279 8810 Bergeson Drive,DW,(Unassigned),"Pro Fix Drywaller, LLC",ACTIVE,784.91,0.0,784.91,839.85,0.0,567.3,0.0,0.0,-784.91,0.0,784.91,0.0,217.61,0.2772,784.91,1.0,0.0,0.0,0.0,-54.94,FALSE,FALSE,567.3,0.0,0.0,0.0,0.0
2026-06-17,2444545,DS.2025.2278 Courtyards of Russell Oaks 52,DW,(Unassigned),Big Dawg Drywall,ACTIVE,7142.71,0.0,7142.71,7642.7,0.0,5271.78,0.0,0.0,-7142.71,0.0,7142.71,0.0,1870.93,0.2619,7142.71,1.0,0.0,0.0,0.0,-499.99,FALSE,FALSE,5271.78,0.0,0.0,0.0,0.0
2026-06-17,2441368,DS.2025.2275 Courtyards of Cielo Ranch 9,DW,(Unassigned),Big Dawg Drywall,ACTIVE,505.44,0.0,505.44,540.82,0.0,349.92,0.0,0.0,-505.44,0.0,505.44,0.0,155.52,0.3077,505.44,1.0,0.0,0.0,0.0,-35.38,FALSE,FALSE,349.92,0.0,0.0,0.0,0.0
2026-06-17,2439356,DS.2025.2274 Barndo 2 Frankfort,DW,(Unassigned),Flores Drywall and Remodeling LLC,ACTIVE,2325.89,0.0,2325.89,2488.7,0.0,1704.29,0.0,0.0,-2325.89,0.0,2325.89,0.0,621.6,0.2673,2325.89,1.0,0.0,0.0,0.0,-162.81,FALSE,FALSE,1704.29,0.0,0.0,0.0,0.0
2026-06-17,2438113,DS.2025.2272 Courtyards of Russell Oaks 48,DW,(Unassigned),Big Dawg Drywall,ACTIVE,5849.67,0.0,5849.67,6259.15,0.0,4371.5,0.0,0.0,-5849.67,0.0,5849.67,0.0,1478.17,0.2527,5849.67,1.0,0.0,0.0,0.0,-409.48,FALSE,FALSE,4371.5,0.0,0.0,0.0,0.0
2026-06-17,2438103,DS.2025.2271 Courtyards of Westfield 113,DW,(Unassigned),Big Dawg Drywall,ACTIVE,7005.73,0.0,7005.73,7496.13,0.0,5233.09,0.0,0.0,-7005.73,0.0,7005.73,0.0,1772.64,0.253,7005.73,1.0,0.0,0.0,0.0,-490.4,FALSE,FALSE,5233.09,0.0,0.0,0.0,0.0
2026-06-17,2433725,DS.2025.2269 GSI Ranch Basement House 9-22,DW,(Unassigned),GSI - Gregory Scott Inabnit LLC,ACTIVE,6041.4,0.0,6041.4,6464.3,0.0,4279.47,0.0,0.0,-6041.4,0.0,6041.4,0.0,1761.93,0.2916,6041.4,1.0,0.0,0.0,0.0,-422.9,FALSE,FALSE,4279.47,0.0,0.0,0.0,0.0
2026-06-17,2431674,DS.2025.2267 GSI Rushville Lot 17,DW,(Unassigned),GSI - Gregory Scott Inabnit LLC,ACTIVE,3571.1,0.0,3571.1,3821.08,0.0,2655.4,0.0,0.0,-3571.1,0.0,3571.1,0.0,915.7,0.2564,3571.1,1.0,0.0,0.0,0.0,-249.98,FALSE,FALSE,2655.4,0.0,0.0,0.0,0.0
2026-06-17,2431619,DS.2025.2265 Courtyards of Westfield 42,DW,(Unassigned),Big Dawg Drywall,ACTIVE,6951.57,507.6,6951.57,7402.65,0.0,5144.6,0.0,0.0,-6951.57,0.0,6951.57,0.0,1806.97,0.2599,6951.57,1.0,0.0,0.0,0.0,-451.08,FALSE,FALSE,5144.6,0.0,0.0,0.0,0.0
2026-06-17,2426990,DS.2025.2264 Maratt Remodel,DW,(Unassigned),Flores Drywall and Remodeling LLC,ACTIVE,5434.22,0.0,5434.22,5814.62,0.0,3595.46,0.0,0.0,-5434.22,0.0,5434.22,0.0,1838.76,0.3384,5434.22,1.0,0.0,0.0,0.0,-380.4,FALSE,FALSE,3595.46,0.0,0.0,0.0,0.0
2026-06-17,2426804,DS.2025.2262 Rushville 2 house pre rock,DW,(Unassigned),GSI - Gregory Scott Inabnit LLC,ACTIVE,786.08,0.0,786.08,841.11,0.0,477.0,0.0,0.0,-786.08,0.0,786.08,0.0,309.08,0.3932,786.08,1.0,0.0,0.0,0.0,-55.03,FALSE,FALSE,477.0,0.0,0.0,0.0,0.0
2026-06-17,2426715,DS.2025.2258 Cavalier Res,DW,(Unassigned),Flores Drywall and Remodeling LLC,ACTIVE,11550.86,0.0,11550.86,12359.42,0.0,8584.56,0.0,0.0,-11550.86,0.0,11550.86,0.0,2966.3,0.2568,11550.86,1.0,0.0,0.0,0.0,-808.56,FALSE,FALSE,8584.56,0.0,0.0,0.0,0.0
2026-06-17,2426691,DS.2025.2257 Courtyards of Russell Oaks 116,DW,(Unassigned),Big Dawg Drywall,ACTIVE,6943.39,0.0,6943.39,7429.43,0.0,5186.83,0.0,0.0,-6943.39,0.0,6943.39,0.0,1756.56,0.253,6943.39,1.0,0.0,0.0,0.0,-486.04,FALSE,FALSE,5186.83,0.0,0.0,0.0,0.0
2026-06-17,2422257,2025.1016 WBP Lot C,TI,Tommy Cohoat,Patch Development,ACTIVE,125700.0,-30000.0,125700.0,112618.13,53430.0,109812.99,2.0553,258351.21,132651.21,0.0,0.0,132651.21,15887.01,0.1264,72270.0,0.5749,0.5749,0.4486,0.0,13081.87,TRUE,TRUE,88499.47,19971.26,1342.26,0.0,0.0
2026-06-17,2414762,2025.1013 Lucas Oil Corydon,TI,Shawn Welcher,Meyer Najem,ACTIVE,103243.16,3243.16,100000.0,0.0,59346.55,59346.55,1.0,103243.16,3243.16,3243.16,0.0,3243.16,40653.45,0.4065,43896.61,0.4252,0.4252,0.0186,0.0,100000.0,TRUE,TRUE,26494.61,32851.94,0.0,0.0,0.0
2026-06-17,2412851,2025.1012 Airport South Logistics Bldg. B,TI,Spencer Anderson,ARCO Design/Build,ACTIVE,128180.0,115280.0,103245.3,9868.5,97377.0,97782.06,1.0042,128718.36,25473.06,13463.0,0.0,25473.06,16934.94,0.1476,30803.0,0.2403,0.2403,0.0927,11471.7,93376.8,TRUE,TRUE,56411.43,34813.72,6274.91,282.0,0.0
2026-06-17,2412835,2025.1011 Airport South Logistics Bldg. A,TI,Spencer Anderson,ARCO Design/Build,ACTIVE,134480.0,115280.0,0.0,0.0,82800.0,42.24,0.0005,67.24,67.24,68.6,0.0,67.24,-42.24,0.0,51680.0,0.3843,0.3843,0.3843,0.0,0.0,TRUE,TRUE,0.0,0.0,0.0,42.24,0.0
2026-06-17,2400949,DS.2025.2243 5689 N Ohio Ridge Rd,DW,(Unassigned),GSI - Gregory Scott Inabnit LLC,ACTIVE,7069.21,0.0,7069.21,7564.05,0.0,4853.4,0.0,0.0,-7069.21,0.0,7069.21,0.0,2215.81,0.3134,7069.21,1.0,0.0,0.0,0.0,-494.84,FALSE,FALSE,4853.4,0.0,0.0,0.0,0.0
2026-06-17,2400575,DS.2025.2241 6915 SR 550,DW,(Unassigned),Total Drywall Solutions Inc,ACTIVE,3247.36,0.0,3247.36,0.0,0.0,2345.39,0.0,0.0,-3247.36,0.0,3247.36,0.0,901.97,0.2778,3247.36,1.0,0.0,0.0,0.0,3247.36,FALSE,FALSE,2345.39,0.0,0.0,0.0,0.0
2026-06-17,2394684,2025.1027 Indy Boat Co,TI,Trevor Anderson,"Raley Wake, LLC",ACTIVE,242452.3,24952.3,136345.9,136345.9,128453.53,124548.27,0.9696,235081.75,98735.85,86019.79,0.0,98735.85,24513.18,0.1645,113998.77,0.4702,0.4702,0.3057,12715.55,0.0,TRUE,TRUE,58783.29,58603.21,7063.32,98.45,0.0
2026-06-17,2394677,MF.2025.1019 Town & Country Apartments (NY MF Project - 22 bldgs),MF,Kelden Tyson,Marous Brothers Construction,ACTIVE,8064307.39,327165.39,2583844.73,2028381.32,4716881.88,1661749.53,0.3523,2841055.49,257210.76,121205.35,0.0,257210.76,1058087.01,0.389,3347425.51,0.4151,0.4151,0.0261,135991.81,555463.41,TRUE,TRUE,515763.97,934962.2,158443.62,52579.74,0.0
2026-06-17,2389374,"DS.2025.2236 Courtyards of Russell Oaks 149,146",DW,(Unassigned),Big Dawg Drywall,ACTIVE,650.16,0.0,650.16,695.67,0.0,468.72,0.0,0.0,-650.16,0.0,650.16,0.0,181.44,0.2791,650.16,1.0,0.0,0.0,0.0,-45.51,FALSE,FALSE,468.72,0.0,0.0,0.0,0.0
2026-06-17,2389077,DS.2025.2235 18 Store Estates,DW,(Unassigned),Community Drywall,ACTIVE,5273.96,0.0,5273.96,0.0,0.0,3825.13,0.0,0.0,-5273.96,0.0,5273.96,0.0,1448.83,0.2747,5273.96,1.0,0.0,0.0,0.0,5273.96,FALSE,FALSE,3825.13,0.0,0.0,0.0,0.0
2026-06-17,2388892,DS.2025.2234 Lot 4 Store Estates,DW,(Unassigned),Community Drywall,ACTIVE,5095.88,0.0,5095.88,0.0,0.0,3662.33,0.0,0.0,-5095.88,0.0,5095.88,0.0,1433.55,0.2813,5095.88,1.0,0.0,0.0,0.0,5095.88,FALSE,FALSE,3662.33,0.0,0.0,0.0,0.0
2026-06-17,2388766,DS.2025.2233 49 Bills Blvd,DW,(Unassigned),Kjt General Construction,ACTIVE,2379.05,0.0,2379.05,0.0,0.0,1672.2,0.0,0.0,-2379.05,0.0,2379.05,0.0,706.85,0.2971,2379.05,1.0,0.0,0.0,0.0,2379.05,FALSE,FALSE,1672.2,0.0,0.0,0.0,0.0
2026-06-17,2383587,2025.1006 Keller Office,TI,Ben Garza,ARCO Design/Build,ACTIVE,276600.0,242700.0,191272.5,0.0,151740.65,155439.2,1.0244,283349.04,92076.54,64075.0,0.0,92076.54,57085.8,0.2686,124859.35,0.4514,0.4514,0.1828,21252.5,191272.5,TRUE,TRUE,105332.37,42120.77,7257.54,728.52,0.0
2026-06-17,2381339,DS.2025.2228 Edgebrook Lot 72,DW,(Unassigned),"Pro Fix Drywaller, LLC",ACTIVE,6184.17,0.0,6184.17,6617.06,0.0,4654.79,0.0,0.0,-6184.17,0.0,6184.17,0.0,1529.38,0.2473,6184.17,1.0,0.0,0.0,0.0,-432.89,FALSE,FALSE,4654.79,0.0,0.0,0.0,0.0
2026-06-17,2368894,DS.2025.2222 Courtyards of Russell Oaks 55,DW,(Unassigned),Big Dawg Drywall,ACTIVE,6474.74,0.0,6474.74,6927.97,0.0,4767.3,0.0,0.0,-6474.74,0.0,6474.74,0.0,1707.44,0.2637,6474.74,1.0,0.0,0.0,0.0,-453.23,FALSE,FALSE,4767.3,0.0,0.0,0.0,0.0
2026-06-17,2367104,DS.2025.2220 17 Store Estates,DW,(Unassigned),Community Drywall,ACTIVE,4926.56,0.0,4926.56,2522.74,0.0,3565.7,0.0,0.0,-4926.56,0.0,4926.56,0.0,1360.86,0.2762,4926.56,1.0,0.0,0.0,0.0,2403.82,FALSE,FALSE,3565.7,0.0,0.0,0.0,0.0
2026-06-17,2366840,DS.2025.2217 Davidson Residence,DW,(Unassigned),Flores Drywall and Remodeling LLC,ACTIVE,18188.37,0.0,18188.37,19461.56,0.0,13255.73,0.0,0.0,-18188.37,0.0,18188.37,0.0,4932.64,0.2712,18188.37,1.0,0.0,0.0,0.0,-1273.19,FALSE,FALSE,13255.73,0.0,0.0,0.0,0.0
2026-06-17,2366626,DS.2025.2215 44 Willow Springs,DW,(Unassigned),Flores Drywall and Remodeling LLC,ACTIVE,25349.24,0.0,25349.24,27123.69,0.0,18542.92,0.0,0.0,-25349.24,0.0,25349.24,0.0,6806.32,0.2685,25349.24,1.0,0.0,0.0,0.0,-1774.45,FALSE,FALSE,18542.92,0.0,0.0,0.0,0.0
2026-06-17,2363817,DS.2025.2212 Scottsdale Lot 70,DW,(Unassigned),"Pro Fix Drywaller, LLC",ACTIVE,6551.92,0.0,6551.92,7010.55,0.0,5066.83,0.0,0.0,-6551.92,0.0,6551.92,0.0,1485.09,0.2267,6551.92,1.0,0.0,0.0,0.0,-458.63,FALSE,FALSE,5066.83,0.0,0.0,0.0,0.0
2026-06-17,2363162,DS.2025.2208 12921 Merlot Ln,DW,(Unassigned),M&M Drywall,ACTIVE,3783.98,0.0,3783.98,4048.86,0.0,2627.37,0.0,0.0,-3783.98,0.0,3783.98,0.0,1156.61,0.3057,3783.98,1.0,0.0,0.0,0.0,-264.88,FALSE,FALSE,2627.37,0.0,0.0,0.0,0.0
2026-06-17,2359929,DS.2025.2207 Edgebrook Lot 219,DW,(Unassigned),"Pro Fix Drywaller, LLC",ACTIVE,7143.52,0.0,7143.52,7643.57,0.0,5405.03,0.0,0.0,-7143.52,0.0,7143.52,0.0,1738.49,0.2434,7143.52,1.0,0.0,0.0,0.0,-500.05,FALSE,FALSE,5405.03,0.0,0.0,0.0,0.0
2026-06-17,2354747,DS.2025.2202 M&M Drywall Pickup 7-29,DW,(Unassigned),M&M Drywall,ACTIVE,70.5,0.0,70.5,75.44,0.0,63.75,0.0,0.0,-70.5,0.0,70.5,0.0,6.75,0.0957,70.5,1.0,0.0,0.0,0.0,-4.94,FALSE,FALSE,63.75,0.0,0.0,0.0,0.0
2026-06-17,2350460,DS.2025.2197 Edgebrook Lot 199,DW,(Unassigned),"Pro Fix Drywaller, LLC",ACTIVE,6807.24,0.0,6807.24,7283.75,0.0,5249.46,0.0,0.0,-6807.24,0.0,6807.24,0.0,1557.78,0.2288,6807.24,1.0,0.0,0.0,0.0,-476.51,FALSE,FALSE,5249.46,0.0,0.0,0.0,0.0
2026-06-17,2350360,DS.2025.2196 1718 Bellefontaine St,DW,(Unassigned),"Pro Fix Drywaller, LLC",ACTIVE,5731.96,0.0,5731.96,6133.2,0.0,4347.15,0.0,0.0,-5731.96,0.0,5731.96,0.0,1384.81,0.2416,5731.96,1.0,0.0,0.0,0.0,-401.24,FALSE,FALSE,4347.15,0.0,0.0,0.0,0.0
2026-06-17,2349208,DS.2025.2194 GSI House 10,DW,(Unassigned),GSI - Gregory Scott Inabnit LLC,ACTIVE,4071.34,0.0,4071.34,4356.33,0.0,2729.0,0.0,0.0,-4071.34,0.0,4071.34,0.0,1342.34,0.3297,4071.34,1.0,0.0,0.0,0.0,-284.99,FALSE,FALSE,2729.0,0.0,0.0,0.0,0.0
2026-06-17,2346918,DS.2025.2191 Edgebrook Lot 192,DW,(Unassigned),"Pro Fix Drywaller, LLC",ACTIVE,7167.06,0.0,7167.06,7668.75,0.0,5419.06,0.0,0.0,-7167.06,0.0,7167.06,0.0,1748.0,0.2439,7167.06,1.0,0.0,0.0,0.0,-501.69,FALSE,FALSE,5419.06,0.0,0.0,0.0,0.0
2026-06-17,2343287,DS.2025.2189 1022 E 3rd Bloomington,DW,(Unassigned),Kjt General Construction,ACTIVE,3332.7,0.0,3332.7,0.0,0.0,2406.3,0.0,0.0,-3332.7,0.0,3332.7,0.0,926.4,0.278,3332.7,1.0,0.0,0.0,0.0,3332.7,FALSE,FALSE,2406.3,0.0,0.0,0.0,0.0
2026-06-17,2340132,"DS.2025.2187 Crawford Res, 880 Baywood Court",DW,(Unassigned),Flores Drywall and Remodeling LLC,ACTIVE,7213.0,0.0,7213.0,7717.91,0.0,4224.42,0.0,0.0,-7213.0,0.0,7213.0,0.0,2988.58,0.4143,7213.0,1.0,0.0,0.0,0.0,-504.91,FALSE,FALSE,4224.42,0.0,0.0,0.0,0.0
2026-06-17,2340035,DS.2025.2186 Bloomington Triplex Unit 3,DW,(Unassigned),GSI - Gregory Scott Inabnit LLC,ACTIVE,6148.53,0.0,6148.53,6578.93,0.0,4331.05,0.0,0.0,-6148.53,0.0,6148.53,0.0,1817.48,0.2956,6148.53,1.0,0.0,0.0,0.0,-430.4,FALSE,FALSE,4331.05,0.0,0.0,0.0,0.0
2026-06-17,2340013,DS.2025.2185 Bloomington Triplex Middle Unit,DW,(Unassigned),GSI - Gregory Scott Inabnit LLC,ACTIVE,3935.7,0.0,3935.7,4211.2,0.0,2826.14,0.0,0.0,-3935.7,0.0,3935.7,0.0,1109.56,0.2819,3935.7,1.0,0.0,0.0,0.0,-275.5,FALSE,FALSE,2826.14,0.0,0.0,0.0,0.0
2026-06-17,2339995,DS.2025.2184 Bloomington Triplex Unit 1,DW,(Unassigned),GSI - Gregory Scott Inabnit LLC,ACTIVE,5737.8,0.0,5737.8,6139.45,0.0,4054.36,0.0,0.0,-5737.8,0.0,5737.8,0.0,1683.44,0.2934,5737.8,1.0,0.0,0.0,0.0,-401.65,FALSE,FALSE,4054.36,0.0,0.0,0.0,0.0
2026-06-17,2339243,DS.2025.2182 9220 Tower Rd,DW,(Unassigned),"Solano Masonry, Inc.",ACTIVE,2697.75,0.0,2697.75,2886.59,0.0,1993.95,0.0,0.0,-2697.75,0.0,2697.75,0.0,703.8,0.2609,2697.75,1.0,0.0,0.0,0.0,-188.84,FALSE,FALSE,1993.95,0.0,0.0,0.0,0.0
2026-06-17,2337339,DS.2025.2175 6891 State Road 257,DW,(Unassigned),Total Drywall Solutions Inc,ACTIVE,316.0,0.0,316.0,0.0,0.0,145.8,0.0,0.0,-316.0,0.0,316.0,0.0,170.2,0.5386,316.0,1.0,0.0,0.0,0.0,316.0,FALSE,FALSE,145.8,0.0,0.0,0.0,0.0
2026-06-17,2327047,DS.2025.2169 Abbey Place 311,DW,(Unassigned),Flores Drywall and Remodeling LLC,ACTIVE,5048.01,0.0,5048.01,5401.37,0.0,3652.08,0.0,0.0,-5048.01,0.0,5048.01,0.0,1395.93,0.2765,5048.01,1.0,0.0,0.0,0.0,-353.36,FALSE,FALSE,3652.08,0.0,0.0,0.0,0.0
2026-06-17,2304400,DS.2025.2150 V3 Holiday Farms,DW,(Unassigned),Flores Drywall and Remodeling LLC,ACTIVE,11827.1,0.0,0.0,0.0,0.0,15224.85,0.0,0.0,0.0,0.0,0.0,0.0,-15224.85,0.0,11827.1,1.0,0.0,0.0,0.0,0.0,FALSE,FALSE,8776.05,6448.8,0.0,0.0,0.0
2026-06-17,2303764,2025.1021 Convivio,TI,Shawn Welcher,"The Peterson Company, LLC",ACTIVE,87788.26,15788.26,87788.26,87788.26,63124.37,63124.37,1.0,87788.26,0.0,-0.0,0.0,0.0,24663.89,0.2809,24663.89,0.2809,0.2809,-0.0,0.0,0.0,TRUE,TRUE,36413.86,26518.34,0.0,192.17,0.0
2026-06-17,2303466,2025.999 Romet PWSI,TI,Tommy Cohoat,"The Peterson Company, LLC",ACTIVE,372490.0,14740.0,372490.0,372490.0,189800.0,190491.63,1.0036,373830.96,1340.96,0.0,0.0,1340.96,181998.37,0.4886,182690.0,0.4905,0.4905,0.0019,0.0,0.0,TRUE,TRUE,80353.22,102093.03,8045.38,0.0,0.0
2026-06-17,2302121,DS.2025.2143 GSI Ranch,DW,(Unassigned),GSI - Gregory Scott Inabnit LLC,ACTIVE,5864.13,0.0,5864.13,6274.62,0.0,4106.76,0.0,0.0,-5864.13,0.0,5864.13,0.0,1757.37,0.2997,5864.13,1.0,0.0,0.0,0.0,-410.49,FALSE,FALSE,4106.76,0.0,0.0,0.0,0.0
2026-06-17,2301410,DS.2025.2138 51 Preserve,DW,(Unassigned),Flores Drywall and Remodeling LLC,ACTIVE,5783.87,0.0,5783.87,6188.74,0.0,4328.55,0.0,0.0,-5783.87,0.0,5783.87,0.0,1455.32,0.2516,5783.87,1.0,0.0,0.0,0.0,-404.87,FALSE,FALSE,4328.55,0.0,0.0,0.0,0.0
2026-06-17,2296704,DS.2025.2118 House 6,DW,(Unassigned),GSI - Gregory Scott Inabnit LLC,ACTIVE,3565.84,0.0,3565.84,3815.45,0.0,2398.54,0.0,0.0,-3565.84,0.0,3565.84,0.0,1167.3,0.3274,3565.84,1.0,0.0,0.0,0.0,-249.61,FALSE,FALSE,2398.54,0.0,0.0,0.0,0.0
2026-06-17,2282848,2025.997 Belmont St Warehouse Clear Out 250-408,TI,Spencer Anderson,"DEEM, LLC",ACTIVE,54090.0,38090.0,54090.0,54090.0,10911.31,23635.43,2.1661,117164.35,63074.35,0.0,0.0,63074.35,30454.57,0.563,43178.69,0.7983,0.7983,0.2352,0.0,0.0,TRUE,TRUE,6396.31,17239.12,0.0,0.0,0.0
2026-06-17,2261041,DS.2025.2072 Tom Carter Prince's Lake,DW,(Unassigned),TC Indy,ACTIVE,10104.28,1410.4,10104.28,10811.58,0.0,5309.73,0.0,0.0,-10104.28,0.0,10104.28,0.0,4794.55,0.4745,10104.28,1.0,0.0,0.0,0.0,-707.3,FALSE,FALSE,5309.73,0.0,0.0,0.0,0.0
2026-06-17,2250539,2025.1032 65 Commerce Park Building 7,TI,Trevor Anderson,Compass Commercial Construction Group,ACTIVE,133900.0,0.0,71314.2,0.0,92029.79,81690.55,0.8877,118863.03,47548.83,39618.78,0.0,47548.83,-2452.55,-0.031,41870.21,0.3127,0.3127,0.3436,7923.8,71314.2,TRUE,TRUE,40471.61,29552.47,11666.47,0.0,0.0
2026-06-17,2248156,2025.994 Stotan Port Laredo Spec Offices,TI,Ben Garza,ARCO Design/Build,ACTIVE,699328.0,121328.0,699328.0,584395.2,454026.48,454026.48,1.0,699328.0,0.0,0.0,0.0,0.0,245301.52,0.3508,245301.52,0.3508,0.3508,0.0,0.0,114932.8,TRUE,TRUE,180414.71,249501.91,22488.33,1621.53,0.0
2026-06-17,2242353,DS.2025.2045 Old Town Pickup,DW,(Unassigned),Old Town Design Group,ACTIVE,121.08,0.0,121.08,129.56,0.0,94.08,0.0,0.0,-121.08,0.0,121.08,0.0,27.0,0.223,121.08,1.0,0.0,0.0,0.0,-8.48,FALSE,FALSE,94.08,0.0,0.0,0.0,0.0
2026-06-17,2225641,MF.2026.1050 AC Hotel,MF,Ben Garza,Holladay Construction Group,ACTIVE,1244040.0,0.0,202650.67,0.0,837300.0,175699.76,0.2098,260999.59,58348.92,35883.03,0.0,58348.92,49467.65,0.2197,406740.0,0.327,0.327,0.1073,22516.74,202650.67,TRUE,TRUE,139539.77,27992.0,8167.99,0.0,0.0
2026-06-17,2223116,2025.986 FedEx Hub,TI,Tommy Cohoat,Dalmatian Fire,ACTIVE,6000.0,0.0,6000.0,6000.0,700.0,118.93,0.1699,1019.4,-4980.6,-4980.6,4980.6,0.0,5881.07,0.9802,5300.0,0.8833,0.8833,-0.0968,0.0,0.0,TRUE,TRUE,28.93,90.0,0.0,0.0,0.0
2026-06-17,2205083,DS.2025.1967 MN - H2S,DW,(Unassigned),Meyer Najem,ACTIVE,11836.8,0.0,11836.8,0.0,0.0,8635.52,0.0,0.0,-11836.8,0.0,11836.8,0.0,3201.28,0.2705,11836.8,1.0,0.0,0.0,0.0,11836.8,FALSE,FALSE,8635.52,0.0,0.0,0.0,0.0
2026-06-17,2196541,2025.1015 WBP Lot 4,TI,Tommy Cohoat,Patch Development,ACTIVE,175400.0,19500.0,175400.0,175400.0,73600.0,72620.15,0.9867,173067.18,-2332.82,-2335.13,2332.82,0.0,102779.85,0.586,101800.0,0.5804,0.5804,-0.0056,0.0,0.0,TRUE,TRUE,21337.06,41484.28,9798.81,0.0,0.0
2026-06-17,2174851,2025.1001 Evolve Transporters,TI,Cole Garriott,Compass Commercial Construction Group,ACTIVE,1317620.0,277640.0,1317620.0,1184517.0,787696.54,795731.39,1.0102,1331059.72,13439.72,0.0,0.0,13439.72,521888.61,0.3961,529923.46,0.4022,0.4022,0.0061,0.0,133103.0,TRUE,TRUE,322035.62,417426.01,40431.82,15837.94,0.0
2026-06-17,2160928,DS.2025.1895 IFD Pickup 3/25/25,DW,(Unassigned),Indianapolis Fire Department,ACTIVE,718.08,0.0,718.08,0.0,0.0,587.52,0.0,0.0,-718.08,0.0,718.08,0.0,130.56,0.1818,718.08,1.0,0.0,0.0,0.0,718.08,FALSE,FALSE,587.52,0.0,0.0,0.0,0.0
2026-06-17,2157624,2025.980 Avon Bldg. 1 Canopies & Pavilion,TI,Spencer Anderson,"The Peterson Company, LLC",ACTIVE,116280.0,0.0,116280.0,116280.0,40262.24,40530.89,1.0067,117059.08,779.08,0.0,0.0,779.08,75749.11,0.6514,76017.76,0.6537,0.6537,0.0023,0.0,0.0,TRUE,TRUE,22878.02,14753.43,2899.44,0.0,0.0
2026-06-17,2152299,DS.2025.1882 Alexandria Building 24,DW,(Unassigned),Precision Dry Wall,ACTIVE,2829.01,0.0,0.0,0.0,0.0,2100.41,0.0,0.0,0.0,0.0,0.0,0.0,-2100.41,0.0,2829.01,1.0,0.0,0.0,0.0,0.0,FALSE,FALSE,2100.41,0.0,0.0,0.0,0.0
2026-06-17,2117526,2025.993 Batesville Public Library,TI,Shawn Welcher,Meyer Najem,ACTIVE,63852.15,1177.15,62675.0,2147.0,74275.84,74275.84,1.0,63852.15,1177.15,1177.15,0.0,1177.15,-11600.84,-0.1851,-10423.69,-0.1632,-0.1632,0.0218,0.0,60528.0,TRUE,TRUE,42783.14,31492.7,0.0,0.0,0.0
2026-06-17,2108038,2025.979 Groundbreakers,TI,Trevor Anderson,Patch Development,ACTIVE,288504.91,65984.91,287665.4,287665.4,162334.99,162334.99,1.0,288504.91,839.51,839.51,0.0,839.51,125330.41,0.4357,126169.92,0.4373,0.4373,0.0016,0.0,0.0,TRUE,TRUE,62231.06,96060.03,3896.19,147.71,0.0
2026-06-17,2098776,2025.969 Carson,TI,Spencer Anderson,"DEEM, LLC",ACTIVE,287418.0,163418.0,287418.0,287418.0,155989.46,155814.41,0.9989,287101.84,-316.16,-322.54,316.16,0.0,131603.59,0.4579,131428.54,0.4573,0.4573,-0.0006,0.0,0.0,TRUE,TRUE,84266.65,65100.29,5832.88,614.59,0.0
2026-06-17,2092684,MF.2025.992 Young's Creek Apartments,MF,Kelden Tyson,Shiel Sexton,ACTIVE,488752.35,-308847.65,488752.35,216259.24,340853.31,340853.31,1.0,488752.35,0.0,0.0,0.0,0.0,147899.04,0.3026,147899.04,0.3026,0.3026,0.0,0.0,272493.11,TRUE,TRUE,245723.39,94468.7,418.77,242.45,0.0
2026-06-17,2087575,MF.2025.976 Firefly Youth Housing,MF,Spencer Anderson,Stenz Corp,ACTIVE,250736.11,27736.11,225662.5,152537.5,180171.84,180171.84,1.0,250736.11,25073.61,-0.0,0.0,25073.61,70564.27,0.2814,70564.27,0.2814,0.2814,0.0,25073.61,73125.0,TRUE,TRUE,102193.01,77709.38,0.0,269.45,0.0
2026-06-17,2087565,2026.1052 Project Panther,TI,Spencer Anderson,ARCO Design/Build,ACTIVE,900893.0,0.0,0.0,0.0,442417.21,24806.55,0.0561,50540.1,50540.1,50513.51,0.0,50540.1,-24806.55,0.0,458475.79,0.5089,0.5089,0.5089,0.0,0.0,TRUE,TRUE,10830.06,13450.0,166.92,359.57,0.0
2026-06-17,2067674,DS.2025.1762 Jeff West Builders for Steve Raker,DW,(Unassigned),Jeff West Homes,ACTIVE,3911.43,84.0,3911.43,4185.23,0.0,2903.12,0.0,0.0,-3911.43,0.0,3911.43,0.0,1008.31,0.2578,3911.43,1.0,0.0,0.0,0.0,-273.8,FALSE,FALSE,2903.12,0.0,0.0,0.0,0.0
2026-06-17,2061037,DS.2025.1759 Juan Lugo NC 01-22,DW,(Unassigned),"Lugo Contracting, LLC",ACTIVE,128322.88,0.0,128322.88,137305.48,0.0,100104.05,0.0,0.0,-128322.88,0.0,128322.88,0.0,28218.83,0.2199,128322.88,1.0,0.0,0.0,0.0,-8982.6,FALSE,FALSE,100104.05,0.0,0.0,0.0,0.0
2026-06-17,2040900,MF.2025.977 Civic Square Condos,MF,Trevor Anderson,"Novo Development Group, LLC",ACTIVE,603098.0,35098.0,603098.0,542788.2,454386.68,453638.15,0.9984,602133.04,-964.96,-993.51,964.96,0.0,149459.85,0.2478,148711.32,0.2466,0.2466,-0.0012,0.0,60309.8,TRUE,TRUE,207904.58,245733.57,0.0,0.0,0.0
2026-06-17,2037261,2025.966 C5 Bullitt III Logistics Center Warehouse,TI,Trevor Anderson,"The Peterson Company, LLC",ACTIVE,415930.0,32099.0,415930.0,415930.0,253086.48,253397.03,1.0012,416429.12,499.12,0.0,0.0,499.12,162532.97,0.3908,162843.52,0.3915,0.3915,0.0007,0.0,0.0,TRUE,TRUE,106844.0,121635.36,24708.83,208.84,0.0
2026-06-17,2028240,2025.960 Langham Whiteland South Lockers,TI,Spencer Anderson,"DEEM, LLC",ACTIVE,72797.0,0.0,72797.0,72797.0,53046.04,53580.36,1.0101,73532.25,735.25,0.0,0.0,735.25,19216.64,0.264,19750.96,0.2713,0.2713,0.0073,0.0,0.0,TRUE,TRUE,580.41,52999.95,0.0,0.0,0.0
2026-06-17,2025315,2024.957 SanMar AWR,TI,Cole Garriott,"The Peterson Company, LLC",ACTIVE,34964.0,10398.0,34964.0,34964.0,17925.48,17925.48,1.0,34964.0,0.0,0.0,0.0,0.0,17038.52,0.4873,17038.52,0.4873,0.4873,0.0,0.0,0.0,TRUE,TRUE,8161.81,8650.79,1071.16,41.72,0.0
2026-06-17,2012203,2024.953 Motorworks,TI,Tommy Cohoat,Precision Dry Wall,ACTIVE,2605.74,405.74,2605.74,2605.74,1364.98,1364.98,1.0,2605.74,0.0,0.0,0.0,0.0,1240.76,0.4762,1240.76,0.4762,0.4762,0.0,0.0,0.0,TRUE,TRUE,502.98,862.0,0.0,0.0,0.0
2026-06-17,2009228,MF.2025.963 Home 2 Suites,MF,Kelden Tyson,Meyer Najem,ACTIVE,580227.88,5227.88,580227.88,522205.09,408243.32,408243.32,1.0,580227.88,0.0,-0.0,0.0,0.0,171984.56,0.2964,171984.56,0.2964,0.2964,-0.0,0.0,58022.79,TRUE,TRUE,198199.5,209696.58,0.0,347.24,0.0
2026-06-17,1989297,DS.2024.1656 Juan Lugo 1202 NC,DW,(Unassigned),"Lugo Contracting, LLC",ACTIVE,83195.75,0.0,83195.75,89019.45,0.0,67140.53,0.0,0.0,-83195.75,0.0,83195.75,0.0,16055.22,0.193,83195.75,1.0,0.0,0.0,0.0,-5823.7,FALSE,FALSE,67140.53,0.0,0.0,0.0,0.0
2026-06-17,1956827,MF.2024.941 Oak Trace,MF,Dustin Hurt,"Westfield Community Management, LLC",ACTIVE,76730.0,15200.0,76730.0,76730.0,59188.79,59237.53,1.0008,76791.38,61.38,0.0,0.0,61.38,17492.47,0.228,17541.21,0.2286,0.2286,0.0006,0.0,0.0,TRUE,TRUE,41410.88,17482.46,344.19,0.0,0.0
2026-06-17,1900804,MF.2025.972 Union Flats - Fishers,MF,Ben Garza,Thompson Thrift Construction,ACTIVE,3838166.0,-11834.0,2726076.15,1584810.0,2682585.85,2343618.31,0.8736,3353021.82,626945.67,324207.58,0.0,626945.67,685355.19,0.2263,1155580.15,0.3011,0.3011,0.0748,302897.35,1141266.15,TRUE,TRUE,1345219.35,944042.89,52859.18,1496.89,0.0
2026-06-17,1870076,2024.929 DEEM Warehouse,TI,Tommy Cohoat,"DEEM, LLC",ACTIVE,659384.05,610634.05,659384.05,659384.05,260000.0,257137.17,0.989,652130.83,-7253.22,-7260.4,7253.22,0.0,402246.88,0.61,399384.05,0.6057,0.6057,-0.0043,0.0,0.0,TRUE,TRUE,255.73,254255.94,0.0,2625.5,0.0
2026-06-17,1854607,MF.2024.924 Monon Trail Elementary,MF,Dustin Hurt,"LTB Construction, Inc.",ACTIVE,4550.0,0.0,4550.0,4550.0,5200.0,1575.0,0.3029,1378.19,-3171.81,0.0,3171.81,0.0,2975.0,0.6538,-650.0,-0.1429,-0.1429,-0.7967,0.0,0.0,TRUE,TRUE,0.0,1575.0,0.0,0.0,0.0
2026-06-17,1842206,2024.920 SMC Mezzanine HVAC,TI,Trevor Anderson,"DEEM, LLC",ACTIVE,2028.0,0.0,2028.0,2028.0,945.21,945.21,1.0,2028.0,0.0,0.0,0.0,0.0,1082.79,0.5339,1082.79,0.5339,0.5339,0.0,0.0,0.0,TRUE,TRUE,119.21,826.0,0.0,0.0,0.0
2026-06-17,1839016,MF.2025.1007 The Approach,MF,Kelden Tyson,KCG,ACTIVE,5643379.34,283379.34,0.0,0.0,3375843.48,2174.78,0.0006,3386.03,3386.03,3635.57,0.0,3386.03,-2174.78,0.0,2267535.86,0.4018,0.4018,0.4018,0.0,0.0,TRUE,TRUE,2174.78,0.0,0.0,0.0,0.0
2026-06-17,1820214,DS.2024.1378 Ketchum Basement,DW,(Unassigned),Mendoza,ACTIVE,4398.77,0.0,4398.77,4706.68,0.0,2876.96,0.0,0.0,-4398.77,0.0,4398.77,0.0,1521.81,0.346,4398.77,1.0,0.0,0.0,0.0,-307.91,FALSE,FALSE,2876.96,0.0,0.0,0.0,0.0
2026-06-17,1819558,DS.2024.1377 Warehouse Pickup 0710 - 2824 Sunnyfield Ct,DW,(Unassigned),Imperial Design,ACTIVE,574.0,0.0,574.0,614.18,0.0,392.0,0.0,0.0,-574.0,0.0,574.0,0.0,182.0,0.3171,574.0,1.0,0.0,0.0,0.0,-40.18,FALSE,FALSE,392.0,0.0,0.0,0.0,0.0
2026-06-17,1814679,2024.913 Walmart Phoenix,TI,Cole Garriott,"DEEM, LLC",ACTIVE,2945439.34,522628.34,2532252.91,2503340.4,1703791.05,1611541.57,0.9459,2786091.07,253838.16,-27651.86,0.0,253838.16,1202072.77,0.4272,1241648.29,0.4215,0.4215,-0.0057,281361.43,28912.51,TRUE,TRUE,565924.03,980166.94,50570.67,14879.93,0.0
2026-06-17,1806764,MF.2025.975 The Eleven - Monon Square,MF,Shawn Welcher,"Centric Projects, LLC",ACTIVE,465610.0,-4620.0,252211.41,0.0,319224.72,63773.71,0.1998,93028.88,-159182.53,-172467.59,159182.53,0.0,201711.98,0.7598,146385.28,0.3144,0.3144,-0.4454,13274.28,252211.41,TRUE,TRUE,51480.96,11974.98,0.0,317.77,0.0
2026-06-17,1803611,MF.2025.989-1 Springdale Cinema - Paint,MF,Ben Garza,MILHAUS Construction,ACTIVE,875000.0,0.0,607050.0,55440.0,580310.0,435602.6,0.7506,656775.0,49725.0,-17691.96,0.0,49725.0,238897.4,0.3542,294690.0,0.3368,0.3368,-0.0174,67450.0,551610.0,TRUE,TRUE,134006.9,250113.76,51481.94,0.0,0.0
2026-06-17,1794757,MF.2024.906 Shamrock Elementary LGI Classrooms,MF,Dustin Hurt,"LTB Construction, Inc.",ACTIVE,8830.0,0.0,8830.0,8830.0,6640.0,2612.75,0.3935,3474.61,-5355.4,-5355.51,5355.4,0.0,6217.25,0.7041,2190.0,0.248,0.248,-0.4561,0.0,0.0,TRUE,TRUE,178.75,0.0,0.0,0.0,2434.0
2026-06-17,1787241,DS.2024.1346 10660 Pete Dye Ridge,DW,(Unassigned),Promasters Drywall and Painting (Brian Figueroa),ACTIVE,1229.28,0.0,1229.28,1315.33,0.0,717.6,0.0,0.0,-1229.28,0.0,1229.28,0.0,511.68,0.4162,1229.28,1.0,0.0,0.0,0.0,-86.05,FALSE,FALSE,717.6,0.0,0.0,0.0,0.0
2026-06-17,1779490,MF.2024.903 Mirka Office Buildout,MF,Cole Garriott,"DEEM, LLC",ACTIVE,175330.0,4930.0,175330.0,175330.0,62924.02,62924.02,1.0,175330.0,0.0,0.0,0.0,0.0,112405.98,0.6411,112405.98,0.6411,0.6411,0.0,0.0,0.0,TRUE,TRUE,38183.49,24224.59,515.94,0.0,0.0
2026-06-17,1779189,MF.2024.927 Jeffersonian Apartments,MF,Ben Garza,Stenz Corp,ACTIVE,461337.65,6337.65,461337.65,415203.89,337818.47,337818.47,1.0,461337.65,-0.0,-0.0,0.0,0.0,123519.18,0.2677,123519.18,0.2677,0.2677,-0.0,0.0,46133.76,TRUE,TRUE,198310.52,138912.2,0.0,595.75,0.0
2026-06-17,1772287,DS.2024 8503 N 600 W Fountaintown QUOTE,DW,(Unassigned),TC Indy,ACTIVE,2031.12,0.0,0.0,0.0,0.0,0.0,0.0,0.0,0.0,0.0,0.0,0.0,0.0,0.0,2031.12,1.0,0.0,0.0,0.0,0.0,FALSE,FALSE,0.0,0.0,0.0,0.0,0.0
2026-06-17,1735717,1234.567 Test Job,UN,(Unassigned),Sample Client,ACTIVE,1.0,0.0,0.0,0.0,2.0,10.0,5.0,5.0,5.0,1.0,0.0,5.0,-10.0,0.0,-1.0,-1.0,-1.0,0.0,0.0,0.0,TRUE,FALSE,10.0,0.0,0.0,0.0,0.0
2026-06-17,1724469,MF.2024.894 Hamilton County Jail Boiler Mechanical Pad,MF,Dustin Hurt,"DEEM, LLC",ACTIVE,3515.0,0.0,3515.0,3515.0,2600.05,2407.26,0.9259,3254.54,-260.46,-260.63,260.46,0.0,1107.74,0.3151,914.95,0.2603,0.2603,-0.0548,0.0,0.0,TRUE,TRUE,947.76,1459.5,0.0,0.0,0.0
2026-06-17,1710251,MF.2024.892 The Lofts at Headwaters Park,MF,Ben Garza,"J.C. Hart Company, Inc.",ACTIVE,4286845.96,232955.96,3779782.52,3620296.13,3615074.96,3606896.8,0.9977,4276986.21,497203.69,77389.73,0.0,497203.69,592861.56,0.1412,671771.0,0.1567,0.1567,0.0155,419975.84,159486.39,TRUE,TRUE,1397604.64,2096537.71,94647.61,18106.84,0.0
2026-06-17,1702352,2025.967 Bunge Project Flex,TI,Ben Garza,"Bunge North America (East), LLC",ACTIVE,993046.0,23418.0,993046.0,893741.4,452407.33,452407.33,1.0,993046.0,0.0,-0.0,0.0,0.0,540638.67,0.5444,540638.67,0.5444,0.5444,-0.0,0.0,99304.6,TRUE,TRUE,192542.09,245074.08,7945.49,6845.67,0.0
2026-06-17,1683585,DS.2024.1263 5188 Brighton Dr Whitestown,DW,(Unassigned),Promasters Drywall and Painting (Brian Figueroa),ACTIVE,1759.2,0.0,1759.2,1882.34,0.0,1068.8,0.0,0.0,-1759.2,0.0,1759.2,0.0,690.4,0.3925,1759.2,1.0,0.0,0.0,0.0,-123.14,FALSE,FALSE,1068.8,0.0,0.0,0.0,0.0
2026-06-17,1669494,2024.912 Upland Columbus,TI,Tommy Cohoat,"Bischoff Construction, LLC",ACTIVE,116545.0,10820.0,116545.0,114525.0,73224.0,72786.47,0.994,115845.73,-699.27,-696.38,699.27,0.0,43758.53,0.3755,43321.0,0.3717,0.3717,-0.0038,0.0,2020.0,TRUE,TRUE,36239.68,36546.79,0.0,0.0,0.0
2026-06-17,1658900,DS.2024.1234 Pro Masters,DW,(Unassigned),Promasters Drywall and Painting (Brian Figueroa),ACTIVE,2590.45,0.0,2590.45,2771.78,0.0,1898.89,0.0,0.0,-2590.45,0.0,2590.45,0.0,691.56,0.267,2590.45,1.0,0.0,0.0,0.0,-181.33,FALSE,FALSE,1898.89,0.0,0.0,0.0,0.0
2026-06-17,1607003,MF.2024.928 Holliday Farms Assisted Living - Zionsville,MF,Ben Garza,"Avenue Construction, Inc.",ACTIVE,2731383.75,286258.75,2731383.75,2339017.44,1915724.8,1918484.8,1.0014,2735207.69,3823.94,0.0,0.0,3823.94,812898.95,0.2976,815658.95,0.2986,0.2986,0.001,0.0,392366.31,TRUE,TRUE,789959.62,1088864.1,38069.21,1591.87,0.0
2026-06-17,1577552,DS.2023.1141 Latitude Apartments,DW,(Unassigned),Velocity Builders,ACTIVE,844352.61,0.0,651215.03,651215.03,0.0,346117.87,0.0,0.0,-651215.03,0.0,651215.03,0.0,305097.16,0.4685,844352.61,1.0,0.0,0.0,0.0,0.0,FALSE,FALSE,336198.25,9080.0,0.0,839.62,0.0
2026-06-17,1551637,2023.847 Ireland Home,TI,Tommy Cohoat,"Bischoff Construction, LLC",ACTIVE,52636.92,19160.0,52636.92,52636.92,36345.0,40426.66,1.1123,58548.05,5911.13,0.0,0.0,5911.13,12210.26,0.232,16291.92,0.3095,0.3095,0.0775,0.0,0.0,TRUE,TRUE,9495.23,30781.43,0.0,0.0,150.0
2026-06-17,1539188,2024.874 Noblesville HS Academic Addition & Renovation,TI,Trevor Anderson,"The Peterson Company, LLC",ACTIVE,154487.0,-8530.0,154487.0,169451.0,200934.57,200934.57,1.0,154487.0,0.0,0.0,0.0,0.0,-46447.57,-0.3007,-46447.57,-0.3007,-0.3007,0.0,0.0,-14964.0,TRUE,TRUE,32984.37,148658.04,15305.47,604.03,3382.66
2026-06-17,1536145,MF.2023.840 Paint at 804 14th Ave Nashville,MF,Kelden Tyson,ZMX Inc.,ACTIVE,280782.67,24407.67,280782.67,300524.51,228212.19,230735.13,1.0111,283899.36,3116.69,0.0,0.0,3116.69,50047.54,0.1782,52570.48,0.1872,0.1872,0.009,0.0,-19741.84,TRUE,TRUE,74531.21,156203.92,0.0,0.0,0.0
2026-06-17,1464707,2023.816 Upland Broad Ripple,TI,Tommy Cohoat,"Bischoff Construction, LLC",ACTIVE,14450.0,0.0,14450.0,14450.0,6350.0,11521.3,1.8144,26218.08,11768.08,0.0,0.0,11768.08,2928.7,0.2027,8100.0,0.5606,0.5606,0.3579,0.0,0.0,TRUE,TRUE,3026.04,8495.26,0.0,0.0,0.0
2026-06-17,1461734,2023.839 Hamilton County National Guard Readiness Center,TI,Tommy Cohoat,"Patterson Horth, Inc.",ACTIVE,1538998.61,19111.61,1538998.61,1431787.62,1340800.0,1462377.28,1.0907,1678585.78,139587.17,0.0,0.0,139587.17,76621.33,0.0498,198198.61,0.1288,0.1288,0.079,0.0,107210.99,TRUE,TRUE,647215.3,724192.82,76641.51,1327.65,13000.0
2026-06-17,1423094,2024.869 Prospect Lake Clean Water Center,TI,Cole Garriott,"Patterson Horth, Inc.",ACTIVE,427542.0,65378.0,427542.0,384787.8,279568.91,279568.91,1.0,427542.0,0.0,0.0,0.0,0.0,147973.09,0.3461,147973.09,0.3461,0.3461,0.0,0.0,42754.2,TRUE,TRUE,151344.28,102892.43,8592.4,16739.8,0.0
2026-06-17,1407590,2023.795 Upland Brewery Clay Terrace,TI,Tommy Cohoat,"Bischoff Construction, LLC",ACTIVE,101530.0,23430.0,101530.0,101530.0,41460.0,52294.94,1.2613,128059.79,26529.79,0.0,0.0,26529.79,49235.06,0.4849,60070.0,0.5916,0.5916,0.1067,0.0,0.0,TRUE,TRUE,12950.36,39209.22,135.36,0.0,0.0
2026-06-17,1398846,2023.843 Walmart Frederick,TI,Cole Garriott,"DEEM, LLC",ACTIVE,2978233.94,839835.94,2978233.94,2978233.94,1743437.53,1743437.53,1.0,2978233.94,0.0,0.0,0.0,0.0,1234796.41,0.4146,1234796.41,0.4146,0.4146,0.0,0.0,0.0,TRUE,TRUE,560223.67,990690.8,123839.89,1595.56,67087.61
2026-06-17,1383434,MF.2023.785 Drywall at 804 14th Ave Nashville,MF,Kelden Tyson,ZMX Inc.,ACTIVE,739513.88,58163.88,739513.88,728866.98,608078.16,610601.1,1.0041,742545.89,3032.01,-0.0,0.0,3032.01,128912.78,0.1743,131435.72,0.1777,0.1777,0.0034,0.0,10646.9,TRUE,TRUE,321876.41,283597.41,4444.51,682.77,0.0
2026-06-17,1360035,2023.776 Keefe Group TI,TI,Tommy Cohoat,"The Peterson Company, LLC",ACTIVE,113525.0,0.0,113525.0,113525.0,92609.28,92269.93,0.9963,113104.96,-420.04,-415.99,420.04,0.0,21255.07,0.1872,20915.72,0.1842,0.1842,-0.003,0.0,0.0,TRUE,TRUE,44371.44,47369.42,0.0,0.0,529.07
2026-06-17,1303390,MF.2024.875 Purdue Student Housing,MF,Kelden Tyson,Marous Brothers Construction,ACTIVE,6171928.99,805433.99,6171928.99,6171928.99,5187520.67,5197619.98,1.0019,6183655.66,11726.67,0.0,0.0,11726.67,974309.01,0.1579,984408.32,0.1595,0.1595,0.0016,0.0,0.0,TRUE,TRUE,2906173.58,2194665.19,59981.49,614.44,36185.28
2026-06-17,1161468,"2022.690 Klarity, Mind, & Body",TI,Ted Wells,EquiTeam LLC,ACTIVE,66336.42,6165.0,66336.43,66336.43,42004.23,36756.21,0.8751,58051.0,-8285.43,-8288.09,8285.43,0.0,29580.21,0.4459,24332.19,0.3668,0.3668,-0.0791,-0.01,0.0,TRUE,TRUE,12563.04,15408.3,0.0,0.0,8784.87
2026-06-17,1151697,2023.731 Park 133 - ITS - TI Tenant Buildout,TI,Tommy Cohoat,"The Peterson Company, LLC",ACTIVE,759684.0,40783.0,759684.0,759684.0,406398.0,409683.37,1.0081,765837.44,6153.44,0.0,0.0,6153.44,350000.63,0.4607,353286.0,0.465,0.465,0.0043,0.0,0.0,TRUE,TRUE,236904.18,158592.82,9725.51,0.0,4460.86
2026-06-17,1138743,2022.654 Upland Brewery Northside,TI,Tommy Cohoat,Seven Four Construction,ACTIVE,175860.53,74360.53,175860.53,175860.53,139299.39,137342.59,0.986,173398.48,-2462.05,-2470.39,2462.05,0.0,38517.94,0.219,36561.14,0.2079,0.2079,-0.0111,0.0,0.0,TRUE,TRUE,24968.8,70509.19,0.0,0.0,41864.6
2026-06-17,1138684,MDG Office at Rucker,UN,(Unassigned),MDG New Office,ACTIVE,731215.63,216183.0,664658.63,664658.63,600.0,888658.79,1481.098,1083002007.16,1082337348.53,66557.0,0.0,1082337348.53,-224000.16,-0.337,730615.63,0.9992,0.9992,1.3362,0.0,0.0,TRUE,FALSE,498429.27,225166.08,14836.01,0.0,150227.43
2026-06-17,1138659,2022.625 Walmart 7611,TI,Cole Garriott,Massa Multimedia Architecture (MMA),ACTIVE,983441.0,306770.0,982141.0,982141.0,717571.28,717571.28,1.0,983441.0,1300.0,1300.0,0.0,1300.0,264569.72,0.2694,265869.72,0.2703,0.2703,0.001,0.0,0.0,TRUE,TRUE,261572.78,345654.05,35486.11,228.17,74630.17
2026-06-17,1138651,2022.617 The Junction Phase II,TI,Ted Wells,EquiTeam LLC,ACTIVE,304058.89,46226.67,304058.89,304058.89,185366.0,185366.13,1.0,304058.89,0.0,0.0,0.0,0.0,118692.76,0.3904,118692.89,0.3904,0.3904,0.0,0.0,0.0,TRUE,TRUE,135311.59,6490.0,2011.45,0.0,41553.09
2026-06-17,1138649,2022.610 222 E. Ohio St.,UN,Ted Wells,Midwest Design Group - Misc,ACTIVE,1.0,0.0,0.0,0.0,180.0,79341.07,440.7837,440.78,440.78,1.0,0.0,440.78,-79341.07,0.0,-1.0,-1.0,-179.0,0.0,0.0,0.0,TRUE,FALSE,32469.43,8202.58,7210.5,175.29,31283.27
2026-06-17,1138478,2022.639 Radial TI - Avon Building 2,TI,Tommy Cohoat,"The Peterson Company, LLC",ACTIVE,758779.0,2028.0,758779.0,758779.0,440538.37,514221.33,1.1673,885722.73,126943.73,0.0,0.0,126943.73,244557.67,0.3223,318240.63,0.4194,0.4194,0.0971,0.0,0.0,TRUE,TRUE,321575.66,149187.96,25629.71,0.0,17828.0
